"1 HOUR BEFORE","1 DAY BEFORE","OUTPUT"
"4983.17184","4713.8112","4888.3968"
"4888.3968","4689.02628","5072.95872"
"5072.95872","4844.7504","5196.2598"
"5196.2598","5571.46296","5641.2972"
"5641.2972","6150.71304","7153.17732"
"7153.17732","6296.30496","7849.80504"
"7849.80504","6515.16048","6329.97504"
"6329.97504","6269.64948","6292.8756"
"6292.8756","5607.0036","5349.8016"
"5349.8016","5932.7928","5225.40936"
"5225.40936","5675.5908","5000.47452"
"5000.47452","5675.27904","4775.53968"
"4775.53968","5435.5356","6177.05676"
"6177.05676","5572.71","6177.05676"
"6177.05676","6023.2032","6155.7012"
"6155.7012","6110.496","6212.12976"
"6212.12976","7951.75056","7424.25264"
"7424.25264","8013.0114","7407.4176"
"7407.4176","7591.82364","7068.22272"
"7068.22272","7088.17536","6515.784"
"6515.784","6477.12576","6350.08356"
"6350.08356","5848.6176","5502.25224"
"5502.25224","5460.4764","4931.2638"
"4931.2638","5097.89952","4775.53968"
"4775.53968","5062.9824","4713.8112"
"4713.8112","5080.44096","4689.02628"
"4689.02628","5324.8608","4844.7504"
"4844.7504","5970.82752","5571.46296"
"5571.46296","6477.12576","6150.71304"
"6150.71304","6635.8116","6296.30496"
"6296.30496","6635.8116","6515.16048"
"6515.16048","6371.595","6269.64948"
"6269.64948","6303.63132","5607.0036"
"5607.0036","6447.1968","5932.7928"
"5932.7928","6104.2608","5675.5908"
"5675.5908","5778.4716","5675.27904"
"5675.27904","5865.60852","5435.5356"
"5435.5356","5847.0588","5572.71"
"5572.71","6104.2608","6023.2032"
"6023.2032","6704.3988","6110.496"
"6110.496","7510.2984","7951.75056"
"7951.75056","7995.0852","8013.0114"
"8013.0114","7641.2376","7591.82364"
"7591.82364","5918.45184","7088.17536"
"7088.17536","6394.04172","6477.12576"
"6477.12576","5813.70048","5848.6176"
"5848.6176","5619.00636","5460.4764"
"5460.4764","5384.40696","5097.89952"
"5097.89952","5052.38256","5062.9824"
"5062.9824","5277.3174","5080.44096"
"5080.44096","5709.8844","5324.8608"
"5324.8608","6481.4904","5970.82752"
"5970.82752","7272.73728","6477.12576"
"6477.12576","7390.2708","6635.8116"
"6635.8116","7192.92672","6635.8116"
"6635.8116","6412.9032","6371.595"
"6371.595","6464.3436","6303.63132"
"6303.63132","6395.7564","6447.1968"
"6447.1968","4903.9848","6104.2608"
"6104.2608","6292.8756","5778.4716"
"5778.4716","6052.8204","5865.60852"
"5865.60852","6052.8204","5847.0588"
"5847.0588","6121.4076","6104.2608"
"6104.2608","6052.8204","6704.3988"
"6704.3988","8110.4364","7510.2984"
"7510.2984","8196.1704","7995.0852"
"7995.0852","8045.7462","7641.2376"
"7641.2376","7786.206","5918.45184"
"5918.45184","6746.33052","6394.04172"
"6394.04172","5935.9104","5813.70048"
"5813.70048","5447.07072","5619.00636"
"5619.00636","4713.8112","5384.40696"
"5384.40696","5002.50096","5052.38256"
"5052.38256","5037.72984","5277.3174"
"5277.3174","5865.60852","5709.8844"
"5709.8844","5984.2332","6481.4904"
"6481.4904","7474.75776","7272.73728"
"7272.73728","7205.39712","7390.2708"
"7390.2708","6548.83056","7192.92672"
"7192.92672","6001.38","6412.9032"
"6412.9032","6310.0224","6464.3436"
"6464.3436","5864.2056","6395.7564"
"6395.7564","6031.7766","4903.9848"
"4903.9848","4764.31632","6292.8756"
"6292.8756","4730.64624","6052.8204"
"6052.8204","5774.41872","6052.8204"
"6052.8204","6228.9648","6121.4076"
"6121.4076","6464.65536","6052.8204"
"6052.8204","7518.0924","8110.4364"
"8110.4364","8013.7908","8196.1704"
"8196.1704","6366.9186","8045.7462"
"8045.7462","6824.11464","7786.206"
"7786.206","5915.33424","6746.33052"
"6746.33052","5900.21388","5935.9104"
"5935.9104","5761.3248","5447.07072"
"5447.07072","5726.40768","4713.8112"
"4713.8112","6024.13848","5002.50096"
"5002.50096","6599.33568","5037.72984"
"5037.72984","5534.36352","5865.60852"
"5865.60852","6267.62304","5984.2332"
"5984.2332","7482.520584","7474.75776"
"7474.75776","5895.319248","7205.39712"
"7205.39712","6429.613536","6548.83056"
"6548.83056","6094.28448","6001.38"
"6001.38","5709.8844","6310.0224"
"6310.0224","5912.84016","5864.2056"
"5864.2056","6001.38","6031.7766"
"6031.7766","5799.484224","4764.31632"
"4764.31632","5851.11168","4730.64624"
"4730.64624","6040.412352","5774.41872"
"5774.41872","7479.20034","6228.9648"
"6228.9648","7373.124","6464.65536"
"6464.65536","7630.326","7518.0924"
"7518.0924","7476.0048","8013.7908"
"8013.7908","6660.44064","6366.9186"
"6366.9186","6082.74936","6824.11464"
"6824.11464","6292.56384","5915.33424"
"5915.33424","6847.8084","5900.21388"
"5900.21388","5636.6208","5761.3248"
"5761.3248","5307.40224","5726.40768"
"5726.40768","5242.71204","6024.13848"
"6024.13848","5260.01472","6599.33568"
"6599.33568","5829.912","5534.36352"
"5534.36352","6930.4248","6267.62304"
"6267.62304","7897.03668","7482.520584"
"7482.520584","7584.18552","5895.319248"
"5895.319248","4847.24448","6429.613536"
"6429.613536","5933.41632","6094.28448"
"6094.28448","6014.47392","5709.8844"
"5709.8844","5898.4992","5912.84016"
"5912.84016","6138.5544","6001.38"
"6001.38","6001.38","5799.484224"
"5799.484224","5744.48976","5851.11168"
"5851.11168","5709.8844","6040.412352"
"6040.412352","6073.24068","7479.20034"
"7479.20034","6807.2796","7373.124"
"7373.124","7818.9408","7630.326"
"7630.326","7870.3812","7476.0048"
"7476.0048","7716.99528","6660.44064"
"6660.44064","7094.0988","6082.74936"
"6082.74936","6384.68892","6292.56384"
"6292.56384","5640.67368","6847.8084"
"6847.8084","5346.52812","5636.6208"
"5636.6208","5138.89596","5307.40224"
"5307.40224","4940.77248","5242.71204"
"5242.71204","4766.18688","5260.01472"
"5260.01472","5020.1154","5829.912"
"5829.912","5588.76564","6930.4248"
"6930.4248","6436.59696","7897.03668"
"7897.03668","6978.7476","7584.18552"
"7584.18552","6643.44972","4847.24448"
"4847.24448","3907.9116","5933.41632"
"5933.41632","7154.892","6014.47392"
"6014.47392","6498.32544","5898.4992"
"5898.4992","6414.15024","6138.5544"
"6138.5544","7272.11376","6001.38"
"6001.38","8264.7576","5744.48976"
"5744.48976","8058.996","5709.8844"
"5709.8844","7751.60064","6073.24068"
"6073.24068","7267.1256","6807.2796"
"6807.2796","6523.11036","7818.9408"
"7818.9408","5761.79244","7870.3812"
"7870.3812","5363.8308","7716.99528"
"7716.99528","5104.2906","7094.0988"
"7094.0988","4993.14816","6384.68892"
"6384.68892","5202.65088","5640.67368"
"5640.67368","5761.3248","5346.52812"
"5346.52812","5988.28608","5138.89596"
"5138.89596","6197.7888","4940.77248"
"4940.77248","6424.75008","4766.18688"
"4766.18688","6644.22912","5020.1154"
"5020.1154","6626.4588","5588.76564"
"5588.76564","6847.34076","6436.59696"
"6436.59696","6354.60408","6978.7476"
"6978.7476","6354.60408","6643.44972"
"6643.44972","6150.71304","3907.9116"
"3907.9116","5827.88556","7154.892"
"7154.892","5929.83108","6498.32544"
"6498.32544","6127.95456","6414.15024"
"6414.15024","6843.75552","7272.11376"
"7272.11376","8063.04888","8264.7576"
"8264.7576","8063.04888","8058.996"
"8058.996","8063.04888","7751.60064"
"7751.60064","6955.67736","7267.1256"
"7267.1256","6687.252","6523.11036"
"6523.11036","5709.8844","5761.79244"
"5761.79244","5554.16028","5363.8308"
"5363.8308","5450.3442","5104.2906"
"5104.2906","5294.62008","4993.14816"
"4993.14816","5208.10668","5202.65088"
"5202.65088","5260.01472","5761.3248"
"5761.3248","5420.88288","5988.28608"
"5988.28608","6094.28448","6197.7888"
"6197.7888","6683.51088","6424.75008"
"6424.75008","6717.18096","6644.22912"
"6644.22912","6750.85104","6626.4588"
"6626.4588","6835.02624","6847.34076"
"6847.34076","6919.20144","6354.60408"
"6354.60408","6700.34592","6354.60408"
"6354.60408","6447.82032","6150.71304"
"6150.71304","6422.56776","5827.88556"
"5827.88556","6456.5496","5929.83108"
"5929.83108","6354.60408","6127.95456"
"6127.95456","6473.54052","6843.75552"
"6843.75552","7051.2318","8063.04888"
"8063.04888","8546.43276","8063.04888"
"8063.04888","8393.51448","8063.04888"
"8063.04888","8291.56896","6955.67736"
"6955.67736","7170.16824","6687.252"
"6687.252","7526.97756","5709.8844"
"5709.8844","3381.19308","5554.16028"
"5554.16028","5415.73884","5450.3442"
"5450.3442","5277.3174","5294.62008"
"5294.62008","6288.35508","5208.10668"
"5208.10668","5865.60852","5260.01472"
"5260.01472","6099.74028","5420.88288"
"5420.88288","6065.75844","6094.28448"
"6094.28448","6082.74936","6683.51088"
"6683.51088","6966.2772","6717.18096"
"6717.18096","6439.55868","6750.85104"
"6750.85104","6473.54052","6835.02624"
"6835.02624","6430.98528","6919.20144"
"6919.20144","6750.85104","6700.34592"
"6700.34592","6584.3712","6447.82032"
"6447.82032","6464.3436","6422.56776"
"6422.56776","6412.9032","6456.5496"
"6456.5496","6303.63132","6354.60408"
"6354.60408","6652.9584","6473.54052"
"6473.54052","7306.0956","7051.2318"
"7051.2318","8529.44184","8546.43276"
"8546.43276","8648.37828","8393.51448"
"8393.51448","8648.37828","8291.56896"
"8291.56896","7645.914","7170.16824"
"7170.16824","7255.12284","7526.97756"
"7526.97756","6327.1692","3381.19308"
"3381.19308","5970.82752","5415.73884"
"5415.73884","5796.24192","5277.3174"
"5277.3174","5484.94956","6288.35508"
"6288.35508","5707.07856","5865.60852"
"5865.60852","5865.60852","6099.74028"
"6099.74028","6116.7312","6065.75844"
"6065.75844","6807.2796","6082.74936"
"6082.74936","8024.7024","6966.2772"
"6966.2772","6807.2796","6439.55868"
"6439.55868","6670.1052","6473.54052"
"6473.54052","6779.37708","6430.98528"
"6430.98528","6738.6924","6750.85104"
"6750.85104","6721.5456","6584.3712"
"6584.3712","6515.784","6464.3436"
"6464.3436","6052.8204","6412.9032"
"6412.9032","6350.08356","6303.63132"
"6303.63132","6592.32108","6652.9584"
"6652.9584","7115.922","7306.0956"
"7306.0956","8179.0236","8529.44184"
"8529.44184","8218.773","8648.37828"
"8648.37828","7832.81412","8648.37828"
"8648.37828","7747.85952","7645.914"
"7645.914","8410.5054","7255.12284"
"7255.12284","6167.70396","6327.1692"
"6327.1692","5522.049","5970.82752"
"5970.82752","5242.71204","5796.24192"
"5796.24192","5126.8932","5484.94956"
"5484.94956","5478.09084","5707.07856"
"5707.07856","5757.58368","5865.60852"
"5865.60852","6145.41312","6116.7312"
"6116.7312","7076.79612","6807.2796"
"6807.2796","7272.11376","8024.7024"
"8024.7024","7679.89584","6807.2796"
"6807.2796","7272.73728","6670.1052"
"6670.1052","6801.35616","6779.37708"
"6779.37708","6750.85104","6738.6924"
"6738.6924","6144.7896","6721.5456"
"6721.5456","6127.95456","6515.784"
"6515.784","6133.72212","6052.8204"
"6052.8204","6082.74936","6350.08356"
"6350.08356","6762.38616","6592.32108"
"6592.32108","7051.2318","7115.922"
"7115.922","8257.89888","8179.0236"
"8179.0236","8374.49712","8218.773"
"8218.773","8144.73","7832.81412"
"7832.81412","7218.8028","7747.85952"
"7747.85952","6921.072","8410.5054"
"8410.5054","6678.83448","6167.70396"
"6167.70396","6182.66844","5522.049"
"5522.049","5846.43528","5242.71204"
"5242.71204","5757.58368","5126.8932"
"5126.8932","5722.04304","5478.09084"
"5478.09084","5988.59784","5757.58368"
"5757.58368","6378.6096","6145.41312"
"6145.41312","7767.5004","7076.79612"
"7076.79612","7613.1792","7272.11376"
"7272.11376","6700.34592","7679.89584"
"7679.89584","6851.86128","7272.73728"
"7272.73728","6952.87152","6801.35616"
"6801.35616","6902.3664","6750.85104"
"6750.85104","6835.02624","6144.7896"
"6144.7896","6643.44972","6127.95456"
"6127.95456","6439.55868","6133.72212"
"6133.72212","6412.9032","6082.74936"
"6082.74936","6601.518","6762.38616"
"6762.38616","7094.0988","7051.2318"
"7051.2318","8357.19444","8257.89888"
"8257.89888","8097.65424","8374.49712"
"8374.49712","7558.93296","8144.73"
"8144.73","7323.08652","7218.8028"
"7218.8028","6796.368","6921.072"
"6921.072","5433.04152","6678.83448"
"6678.83448","6232.70592","6182.66844"
"6182.66844","5778.78336","5846.43528"
"5846.43528","5604.19776","5757.58368"
"5757.58368","5918.45184","5722.04304"
"5722.04304","6127.95456","5988.59784"
"5988.59784","7611.93216","6378.6096"
"6378.6096","7629.39072","7767.5004"
"7767.5004","7769.0592","7613.1792"
"7613.1792","6531.99552","6700.34592"
"6700.34592","6885.53136","6851.86128"
"6851.86128","6296.30496","6952.87152"
"6952.87152","6784.52112","6902.3664"
"6902.3664","6818.1912","6835.02624"
"6835.02624","6683.51088","6643.44972"
"6643.44972","6717.18096","6439.55868"
"6439.55868","6813.35892","6412.9032"
"6412.9032","6745.39524","6601.518"
"6601.518","7390.2708","7094.0988"
"7094.0988","8602.70544","8357.19444"
"8357.19444","8624.8404","8097.65424"
"8097.65424","8504.8128","7558.93296"
"7558.93296","8189.62344","7323.08652"
"7323.08652","7832.81412","6796.368"
"6796.368","7085.21364","5433.04152"
"5433.04152","5467.64688","6232.70592"
"6232.70592","5329.22544","5778.78336"
"5778.78336","5467.64688","5604.19776"
"5604.19776","5502.25224","5918.45184"
"5918.45184","6021.33264","6127.95456"
"6127.95456","6111.11952","7611.93216"
"7611.93216","6784.52112","7629.39072"
"7629.39072","6893.0136","7769.0592"
"7769.0592","6932.29536","6531.99552"
"6531.99552","6286.6404","6885.53136"
"6885.53136","6609.46788","6296.30496"
"6296.30496","6541.5042","6784.52112"
"6784.52112","6337.61316","6818.1912"
"6818.1912","6395.7564","6683.51088"
"6683.51088","6618.6648","6717.18096"
"6717.18096","6618.6648","6813.35892"
"6813.35892","6567.2244","6745.39524"
"6745.39524","7098.7752","7390.2708"
"7390.2708","8607.6936","8602.70544"
"8602.70544","8607.6936","8624.8404"
"8624.8404","8590.5468","8504.8128"
"8504.8128","8710.5744","8189.62344"
"8189.62344","7613.1792","7832.81412"
"7832.81412","7218.8028","7085.21364"
"7085.21364","5571.46296","5467.64688"
"5467.64688","5519.55492","5329.22544"
"5329.22544","5640.67368","5467.64688"
"5467.64688","5900.99328","5502.25224"
"5502.25224","6354.91584","6021.33264"
"6021.33264","7384.97088","6111.11952"
"6111.11952","7696.88676","6784.52112"
"6784.52112","7696.88676","6893.0136"
"6893.0136","6796.368","6932.29536"
"6932.29536","6830.34984","6286.6404"
"6286.6404","7138.05696","6609.46788"
"6609.46788","7003.37664","6541.5042"
"6541.5042","6286.6404","6337.61316"
"6337.61316","6955.67736","6395.7564"
"6395.7564","6453.89964","6618.6648"
"6618.6648","6955.67736","6618.6648"
"6618.6648","5502.25224","6567.2244"
"6567.2244","8218.773","7098.7752"
"7098.7752","8824.3668","8607.6936"
"8607.6936","8213.3172","8607.6936"
"8607.6936","8065.85472","8590.5468"
"8590.5468","7167.3624","8710.5744"
"8710.5744","6755.8392","7613.1792"
"7613.1792","6104.2608","7218.8028"
"7218.8028","5986.72728","5571.46296"
"5571.46296","5865.60852","5519.55492"
"5519.55492","5727.18708","5640.67368"
"5640.67368","5779.09512","5900.99328"
"5900.99328","5398.43616","6354.91584"
"6354.91584","6700.34592","7384.97088"
"7384.97088","7662.90492","7696.88676"
"7696.88676","7238.13192","7696.88676"
"7696.88676","6439.55868","6796.368"
"6796.368","6644.22912","6830.34984"
"6830.34984","6626.92644","7138.05696"
"7138.05696","6730.74252","7003.37664"
"7003.37664","6584.3712","6286.6404"
"6286.6404","6626.92644","6955.67736"
"6955.67736","6592.32108","6453.89964"
"6453.89964","6263.57016","6955.67736"
"6955.67736","6258.582","5502.25224"
"5502.25224","5555.5632","8218.773"
"8218.773","7962.97392","8824.3668"
"8824.3668","8264.7576","8213.3172"
"8213.3172","8058.996","8065.85472"
"8065.85472","7373.124","7167.3624"
"7167.3624","7064.4816","6755.8392"
"6755.8392","6755.8392","6104.2608"
"6104.2608","5467.64688","5986.72728"
"5986.72728","5294.62008","5865.60852"
"5865.60852","5237.568","5727.18708"
"5727.18708","5156.19864","5779.09512"
"5779.09512","5624.1504","5398.43616"
"5398.43616","6292.8756","6700.34592"
"6700.34592","7340.07744","7662.90492"
"7662.90492","7321.6836","7238.13192"
"7238.13192","6721.5456","6439.55868"
"6439.55868","6755.8392","6644.22912"
"6644.22912","6395.7564","6626.92644"
"6626.92644","6367.38624","6730.74252"
"6730.74252","6367.38624","6584.3712"
"6584.3712","6429.2706","6626.92644"
"6626.92644","6394.04172","6592.32108"
"6592.32108","6358.81284","6263.57016"
"6263.57016","6429.2706","6258.582"
"6258.582","6499.72836","5555.5632"
"5555.5632","6696.13716","7962.97392"
"7962.97392","6319.99872","8264.7576"
"8264.7576","5986.72728","8058.996"
"8058.996","5623.371","7373.124"
"7373.124","5935.9104","7064.4816"
"7064.4816","6903.5852580942","6755.8392"
"6755.8392","6905.4643107947","5467.64688"
"5467.64688","6907.3433634953","5294.62008"
"5294.62008","6909.2224161958","5237.568"
"5237.568","6911.1014688964","5156.19864"
"5156.19864","6912.9805215969","5624.1504"
"5624.1504","6914.8595742975","6292.8756"
"6292.8756","6916.738626998","7340.07744"
"7340.07744","6918.6176796986","7321.6836"
"7321.6836","6920.4967323992","6721.5456"
"6721.5456","6922.3757850997","6755.8392"
"6755.8392","6924.2548378003","6395.7564"
"6395.7564","6926.1338905008","6367.38624"
"6367.38624","6928.0129432014","6367.38624"
"6367.38624","6929.8919959019","6429.2706"
"6429.2706","6931.7710486025","6394.04172"
"6394.04172","6933.650101303","6358.81284"
"6358.81284","6935.5291540036","6429.2706"
"6429.2706","6937.4082067041","6499.72836"
"6499.72836","6939.2872594047","6696.13716"
"6696.13716","6941.1663121052","6319.99872"
"6319.99872","6943.0453648058","5986.72728"
"5986.72728","6944.9244175063","5623.371"
"5623.371","6946.8034702069","5935.9104"
"5935.9104","6948.6825229074","6903.5852580942"
"6903.5852580942","6950.561575608","6905.4643107947"
"6905.4643107947","6952.4406283085","6907.3433634953"
"6907.3433634953","6954.3196810091","6909.2224161958"
"6909.2224161958","6956.1987337096","6911.1014688964"
"6911.1014688964","6958.0777864102","6912.9805215969"
"6912.9805215969","6959.9568391107","6914.8595742975"
"6914.8595742975","6961.8358918113","6916.738626998"
"6916.738626998","6963.7149445119","6918.6176796986"
"6918.6176796986","6965.5939972124","6920.4967323992"
"6920.4967323992","6967.473049913","6922.3757850997"
"6922.3757850997","6969.3521026135","6924.2548378003"
"6924.2548378003","6971.2311553141","6926.1338905008"
"6926.1338905008","6973.1102080146","6928.0129432014"
"6928.0129432014","6974.9892607152","6929.8919959019"
"6929.8919959019","6976.8683134157","6931.7710486025"
"6931.7710486025","6978.7473661163","6933.650101303"
"6933.650101303","6980.6264188168","6935.5291540036"
"6935.5291540036","6982.5054715174","6937.4082067041"
"6937.4082067041","6984.3845242179","6939.2872594047"
"6939.2872594047","6986.2635769185","6941.1663121052"
"6941.1663121052","6988.142629619","6943.0453648058"
"6943.0453648058","6990.0216823196","6944.9244175063"
"6944.9244175063","6991.9007350201","6946.8034702069"
"6946.8034702069","6993.7797877207","6948.6825229074"
"6948.6825229074","6995.6588404212","6950.561575608"
"6950.561575608","6997.5378931218","6952.4406283085"
"6952.4406283085","6999.4169458223","6954.3196810091"
"6954.3196810091","7001.2959985229","6956.1987337096"
"6956.1987337096","7003.1750512235","6958.0777864102"
"6958.0777864102","7005.054103924","6959.9568391107"
"6959.9568391107","7006.9331566246","6961.8358918113"
"6961.8358918113","7008.8122093251","6963.7149445119"
"6963.7149445119","7010.6912620257","6965.5939972124"
"6965.5939972124","7012.5703147262","6967.473049913"
"6967.473049913","7014.4493674268","6969.3521026135"
"6969.3521026135","7016.3284201273","6971.2311553141"
"6971.2311553141","7018.2074728279","6973.1102080146"
"6973.1102080146","7020.0865255284","6974.9892607152"
"6974.9892607152","7021.965578229","6976.8683134157"
"6976.8683134157","7023.8446309295","6978.7473661163"
"6978.7473661163","7025.7236836301","6980.6264188168"
"6980.6264188168","7027.6027363306","6982.5054715174"
"6982.5054715174","7029.4817890312","6984.3845242179"
"6984.3845242179","7031.3608417317","6986.2635769185"
"6986.2635769185","7033.2398944323","6988.142629619"
"6988.142629619","7035.1189471328","6990.0216823196"
"6990.0216823196","7036.9979998334","6991.9007350201"
"6991.9007350201","7038.8770525339","6993.7797877207"
"6993.7797877207","7040.7561052345","6995.6588404212"
"6995.6588404212","7042.6351579351","6997.5378931218"
"6997.5378931218","7044.5142106356","6999.4169458223"
"6999.4169458223","4315.5378","7001.2959985229"
"7001.2959985229","4474.06776","7003.1750512235"
"7003.1750512235","4801.104","7005.054103924"
"7005.054103924","5342.31936","7006.9331566246"
"7006.9331566246","5813.70048","7008.8122093251"
"7008.8122093251","5725.94004","7010.6912620257"
"7010.6912620257","5199.22152","7012.5703147262"
"7012.5703147262","5841.75888","7014.4493674268"
"7014.4493674268","5993.27424","7016.3284201273"
"7016.3284201273","6262.63488","7018.2074728279"
"7018.2074728279","5976.4392","7020.0865255284"
"7020.0865255284","5759.92188","7021.965578229"
"7021.965578229","5349.8016","7023.8446309295"
"7023.8446309295","5538.4164","7025.7236836301"
"7025.7236836301","5761.3248","7027.6027363306"
"7027.6027363306","7373.74752","7029.4817890312"
"7029.4817890312","7577.95032","7031.3608417317"
"7031.3608417317","7238.13192","7033.2398944323"
"7033.2398944323","6881.3226","7035.1189471328"
"7035.1189471328","6541.5042","7036.9979998334"
"7036.9979998334","5606.06832","7038.8770525339"
"7038.8770525339","5381.13348","7040.7561052345"
"7040.7561052345","5185.19232","7042.6351579351"
"7042.6351579351","4949.65764","7044.5142106356"
"7044.5142106356","4914.42876","4315.5378"
"4315.5378","4965.86916","4474.06776"
"4474.06776","5208.10668","4801.104"
"4801.104","6001.38","5342.31936"
"5342.31936","6936.03648","5813.70048"
"5813.70048","7070.7168","5725.94004"
"5725.94004","6771.73896","5199.22152"
"5199.22152","6204.64752","5841.75888"
"5841.75888","6144.7896","5993.27424"
"5993.27424","6178.45968","6262.63488"
"6262.63488","6018.5268","5976.4392"
"5976.4392","5932.7928","5759.92188"
"5759.92188","5812.7652","5349.8016"
"5349.8016","6320.62224","5538.4164"
"5538.4164","7509.98664","5761.3248"
"5761.3248","7929.30384","7373.74752"
"7373.74752","8325.5508","7577.95032"
"7577.95032","8384.7852","7238.13192"
"7238.13192","7373.124","6881.3226"
"6881.3226","6618.6648","6541.5042"
"6541.5042","5900.99328","5606.06832"
"5606.06832","5604.19776","5381.13348"
"5381.13348","5349.8016","5185.19232"
"5185.19232","6652.9584","4949.65764"
"4949.65764","5255.02656","4914.42876"
"4914.42876","5412.1536","4965.86916"
"4965.86916","5949.9396","5208.10668"
"5208.10668","7187.15916","6001.38"
"6001.38","7883.78688","6936.03648"
"6936.03648","7136.1864","7070.7168"
"7070.7168","6618.6648","6771.73896"
"6771.73896","6721.5456","6204.64752"
"6204.64752","6678.83448","6144.7896"
"6144.7896","6337.61316","6178.45968"
"6178.45968","6532.9308","6018.5268"
"6018.5268","6635.8116","5932.7928"
"5932.7928","6436.59696","5812.7652"
"5812.7652","5156.19864","6320.62224"
"6320.62224","8083.31328","7509.98664"
"7509.98664","8599.43196","7929.30384"
"7929.30384","8599.43196","8325.5508"
"8325.5508","8339.89176","8384.7852"
"8384.7852","7943.6448","7373.124"
"7373.124","7450.90812","6618.6648"
"6618.6648","6605.415","5900.99328"
"5900.99328","5704.27272","5604.19776"
"5604.19776","5544.33984","5349.8016"
"5349.8016","5633.19144","6652.9584"
"6652.9584","5671.84968","5255.02656"
"5255.02656","5830.37964","5412.1536"
"5412.1536","6411.65616","5949.9396"
"5949.9396","7734.14208","7187.15916"
"7187.15916","5250.19428","7883.78688"
"7883.78688","6550.0776","7136.1864"
"7136.1864","6635.8116","6618.6648"
"6618.6648","6824.4264","6721.5456"
"6721.5456","6824.4264","6678.83448"
"6678.83448","6601.518","6337.61316"
"6337.61316","5881.3524","6532.9308"
"6532.9308","6567.2244","6635.8116"
"6635.8116","6378.6096","6436.59696"
"6436.59696","6575.0184","5156.19864"
"5156.19864","7526.6658","8083.31328"
"8083.31328","7818.9408","8599.43196"
"8599.43196","8080.35156","8599.43196"
"8599.43196","7907.32476","8339.89176"
"8339.89176","7577.01504","7943.6448"
"7943.6448","7192.92672","7450.90812"
"7450.90812","6756.46272","6605.415"
"6605.415","6250.16448","5704.27272"
"5704.27272","5900.8374","5544.33984"
"5544.33984","5830.37964","5633.19144"
"5633.19144","5900.8374","5671.84968"
"5671.84968","5971.29516","5830.37964"
"5830.37964","6059.36736","6411.65616"
"6411.65616","7578.8856","7734.14208"
"7734.14208","7098.7752","5250.19428"
"5250.19428","5892.264","6550.0776"
"6550.0776","6490.53144","6635.8116"
"6635.8116","6456.5496","6824.4264"
"6824.4264","5369.13072","6824.4264"
"6824.4264","5131.25784","6601.518"
"6601.518","5058.306","5881.3524"
"5881.3524","5058.306","6567.2244"
"6567.2244","6354.60408","6378.6096"
"6378.6096","6966.2772","6575.0184"
"6575.0184","7781.84136","7526.6658"
"7526.6658","8518.53024","7818.9408"
"7818.9408","8501.6952","8080.35156"
"8080.35156","8325.5508","7907.32476"
"7907.32476","7665.08724","7577.01504"
"7577.01504","7227.84384","7192.92672"
"7192.92672","6808.8384","6756.46272"
"6756.46272","6217.89732","6250.16448"
"6250.16448","5813.70048","5900.8374"
"5900.8374","5513.31972","5830.37964"
"5830.37964","5460.4764","5900.8374"
"5900.8374","5654.23524","5971.29516"
"5971.29516","6446.88504","6059.36736"
"6059.36736","7315.13664","7578.8856"
"7578.8856","7646.84928","7098.7752"
"7098.7752","6762.38616","5892.264"
"5892.264","6728.40432","6490.53144"
"6490.53144","6558.49512","6456.5496"
"6456.5496","5229.774","5369.13072"
"5369.13072","5058.306","5131.25784"
"5131.25784","5125.80204","5058.306"
"5058.306","5104.2906","5058.306"
"5058.306","4259.88864","6354.60408"
"6354.60408","3581.65476","6966.2772"
"6966.2772","4818.2508","7781.84136"
"7781.84136","3532.2408","8518.53024"
"8518.53024","8573.4","8501.6952"
"8501.6952","8053.69608","8325.5508"
"8325.5508","7664.6196","7665.08724"
"7665.08724","6995.8944","7227.84384"
"7227.84384","6481.4904","6808.8384"
"6808.8384","6110.496","6217.89732"
"6217.89732","5796.24192","5813.70048"
"5813.70048","5516.90496","5513.31972"
"5513.31972","5401.242","5460.4764"
"5460.4764","5572.71","5654.23524"
"5654.23524","6344.316","6446.88504"
"6446.88504","7525.26288","7315.13664"
"7315.13664","7323.2424","7646.84928"
"7646.84928","8053.69608","6762.38616"
"6762.38616","8087.67792","6728.40432"
"6728.40432","5165.23968","6558.49512"
"6558.49512","5281.2144","5229.774"
"5229.774","5161.1868","5058.306"
"5058.306","5377.23648","5125.80204"
"5125.80204","5255.02656","5104.2906"
"5104.2906","5324.8608","4259.88864"
"4259.88864","7197.91488","3581.65476"
"3581.65476","8357.19444","4818.2508"
"4818.2508","8668.64268","3532.2408"
"3532.2408","8607.6936","8573.4"
"8573.4","8281.9044","8053.69608"
"8053.69608","7595.87652","7664.6196"
"7664.6196","7221.9204","6995.8944"
"6995.8944","6482.11392","6481.4904"
"6481.4904","5953.36896","6110.496"
"6110.496","5761.3248","5796.24192"
"5796.24192","5830.37964","5516.90496"
"5516.90496","5615.42112","5401.242"
"5401.242","5830.37964","5572.71"
"5572.71","6162.87168","6344.316"
"6344.316","7028.16156","7525.26288"
"7525.26288","7227.84384","7323.2424"
"7323.2424","6961.6008","8053.69608"
"8053.69608","6910.1604","8087.67792"
"8087.67792","8325.5508","5165.23968"
"5165.23968","6813.35892","5281.2144"
"5281.2144","8401.932","5161.1868"
"5161.1868","8487.666","5377.23648"
"5377.23648","8487.666","5255.02656"
"5255.02656","6550.0776","5324.8608"
"5324.8608","6473.54052","7197.91488"
"7197.91488","6515.784","8357.19444"
"8357.19444","8436.2256","8668.64268"
"8668.64268","8547.52392","8607.6936"
"8607.6936","7976.53548","8281.9044"
"8281.9044","8624.52864","7595.87652"
"7595.87652","7210.38528","7221.9204"
"7221.9204","6826.29696","6482.11392"
"6482.11392","6197.7888","5953.36896"
"5953.36896","5936.06628","5761.3248"
"5761.3248","5846.43528","5830.37964"
"5830.37964","6023.2032","5615.42112"
"5615.42112","5988.59784","5830.37964"
"5830.37964","6459.6672","6162.87168"
"6162.87168","7769.0592","7028.16156"
"7028.16156","7645.914","7227.84384"
"7227.84384","7543.96848","6961.6008"
"6961.6008","6745.39524","6910.1604"
"6910.1604","6813.35892","8325.5508"
"8325.5508","5555.5632","6813.35892"
"6813.35892","5471.07624","8401.932"
"8401.932","5384.0952","8487.666"
"8487.666","5571.46296","8487.666"
"8487.666","5190.804","6550.0776"
"6550.0776","6995.8944","6473.54052"
"6473.54052","7647.4728","6515.784"
"6515.784","8196.1704","8436.2256"
"8436.2256","7943.6448","8547.52392"
"8547.52392","7908.72768","7976.53548"
"7976.53548","7594.4736","8624.52864"
"8624.52864","7646.84928","7210.38528"
"7210.38528","5988.9096","6826.29696"
"6826.29696","5636.6208","6197.7888"
"6197.7888","5390.01864","5936.06628"
"5936.06628","5231.48868","5846.43528"
"5846.43528","5460.4764","6023.2032"
"6023.2032","5566.16304","5988.59784"
"5988.59784","5727.18708","6459.6672"
"6459.6672","6332.78088","7769.0592"
"7769.0592","6498.6372","7645.914"
"7645.914","6841.5732","7543.96848"
"7543.96848","6772.986","6745.39524"
"6745.39524","6481.4904","6813.35892"
"6813.35892","6464.3436","5555.5632"
"5555.5632","6252.65856","5471.07624"
"5471.07624","6218.67672","5384.0952"
"5384.0952","5997.79476","5571.46296"
"5571.46296","6048.76752","5190.804"
"5190.804","6048.76752","6995.8944"
"6995.8944","7574.2092","7647.4728"
"7647.4728","8049.79908","8196.1704"
"8196.1704","8208.32904","7943.6448"
"7943.6448","7996.95576","7908.72768"
"7908.72768","7627.05252","7594.4736"
"7594.4736","6781.5594","7646.84928"
"7646.84928","5830.37964","5988.9096"
"5988.9096","5597.6508","5636.6208"
"5636.6208","5491.02888","5390.01864"
"5390.01864","5366.63664","5231.48868"
"5231.48868","5548.5486","5460.4764"
"5460.4764","5795.15076","5566.16304"
"5566.16304","6430.05","5727.18708"
"5727.18708","7407.4176","6332.78088"
"6332.78088","7218.8028","6498.6372"
"6498.6372","6550.0776","6841.5732"
"6841.5732","5264.0676","6772.986"
"6772.986","4504.30848","6481.4904"
"6481.4904","6094.908","6464.3436"
"6464.3436","6148.6866","6252.65856"
"6252.65856","5115.35808","6218.67672"
"6218.67672","3613.92192","5997.79476"
"5997.79476","5516.90496","6048.76752"
"6048.76752","5289.94368","6048.76752"
"6048.76752","8461.01052","7574.2092"
"7574.2092","8744.868","8049.79908"
"8049.79908","8754.37668","8208.32904"
"8208.32904","7803.97632","7996.95576"
"7996.95576","8153.14752","7627.05252"
"7627.05252","7070.7168","6781.5594"
"6781.5594","6127.95456","5830.37964"
"5830.37964","5377.23648","5597.6508"
"5597.6508","5255.02656","5491.02888"
"5491.02888","5377.23648","5366.63664"
"5366.63664","5412.1536","5548.5486"
"5548.5486","5464.52928","5795.15076"
"5795.15076","6127.95456","6430.05"
"6430.05","7454.80512","7407.4176"
"7407.4176","7051.2318","7218.8028"
"7218.8028","6313.14","6550.0776"
"6550.0776","6481.4904","5264.0676"
"5264.0676","5386.12164","4504.30848"
"4504.30848","5332.6548","6094.908"
"6094.908","5212.6272","6148.6866"
"6148.6866","3466.14768","5115.35808"
"5115.35808","5182.2306","3613.92192"
"3613.92192","6835.02624","5516.90496"
"5516.90496","7733.2068","5289.94368"
"5289.94368","8841.66948","8461.01052"
"8461.01052","8807.06412","8744.868"
"8744.868","8484.86016","8754.37668"
"8754.37668","8135.68896","7803.97632"
"7803.97632","7158.0096","8153.14752"
"8153.14752","6337.45728","7070.7168"
"7070.7168","5883.53472","6127.95456"
"6127.95456","5569.28064","5377.23648"
"5377.23648","5481.98784","5255.02656"
"5255.02656","5691.49056","5377.23648"
"5377.23648","5918.45184","5412.1536"
"5412.1536","6581.87712","5464.52928"
"5464.52928","4451.9328","6127.95456"
"6127.95456","7509.98664","7454.80512"
"7454.80512","6851.86128","7051.2318"
"7051.2318","6801.35616","6313.14"
"6313.14","6847.34076","6481.4904"
"6481.4904","6830.34984","5386.12164"
"5386.12164","6694.42248","5332.6548"
"5332.6548","6252.65856","5212.6272"
"5212.6272","6286.6404","3466.14768"
"3466.14768","5199.22152","5182.2306"
"5182.2306","6414.15024","6835.02624"
"6835.02624","7441.7112","7733.2068"
"7733.2068","7070.7168","8841.66948"
"8841.66948","8131.32432","8807.06412"
"8807.06412","7922.601","8484.86016"
"8484.86016","7492.99572","8135.68896"
"8135.68896","7098.7752","7158.0096"
"7158.0096","6263.57016","6337.45728"
"6337.45728","5761.3248","5883.53472"
"5883.53472","5778.78336","5569.28064"
"5569.28064","5601.39192","5481.98784"
"5481.98784","5478.09084","5691.49056"
"5691.49056","5272.48512","5918.45184"
"5918.45184","5394.69504","6581.87712"
"6581.87712","5831.15904","4451.9328"
"4451.9328","6796.368","7509.98664"
"7509.98664","7187.15916","6851.86128"
"6851.86128","6966.2772","6801.35616"
"6801.35616","6721.5456","6847.34076"
"6847.34076","6490.53144","6830.34984"
"6830.34984","6601.518","6694.42248"
"6694.42248","5486.976","6252.65856"
"6252.65856","6490.53144","6286.6404"
"6286.6404","5727.0312","5199.22152"
"5199.22152","6490.53144","6414.15024"
"6414.15024","6439.55868","7441.7112"
"7441.7112","7508.42784","7070.7168"
"7070.7168","8198.66448","8131.32432"
"8131.32432","8189.62344","7922.601"
"7922.601","8230.464","7492.99572"
"7492.99572","7870.3812","7098.7752"
"7098.7752","7509.36312","6263.57016"
"6263.57016","6523.11036","5761.3248"
"5761.3248","5953.36896","5778.78336"
"5778.78336","5671.84968","5601.39192"
"5601.39192","5548.5486","5478.09084"
"5478.09084","5671.84968","5272.48512"
"5272.48512","5848.6176","5394.69504"
"5394.69504","6459.6672","5831.15904"
"5831.15904","6826.29696","6796.368"
"6796.368","6878.67264","7187.15916"
"7187.15916","6581.87712","6966.2772"
"6966.2772","5657.97636","6721.5456"
"6721.5456","6507.52236","6490.53144"
"6490.53144","6354.60408","6601.518"
"6601.518","6388.58592","5486.976"
"5486.976","6014.78568","6490.53144"
"6490.53144","6116.7312","5727.0312"
"5727.0312","6031.7766","6490.53144"
"6490.53144","6099.74028","6439.55868"
"6439.55868","7340.07744","7508.42784"
"7508.42784","7917.76872","8198.66448"
"8198.66448","8019.71424","8189.62344"
"8189.62344","7815.8232","8230.464"
"8230.464","6711.4134","7870.3812"
"7870.3812","6371.595","7509.36312"
"7509.36312","6550.0776","6523.11036"
"6523.11036","5984.2332","5953.36896"
"5953.36896","5761.79244","5671.84968"
"5671.84968","5675.27904","5548.5486"
"5548.5486","5656.57344","5671.84968"
"5671.84968","5604.19776","5848.6176"
"5848.6176","5915.646","6459.6672"
"6459.6672","7390.2708","6826.29696"
"6826.29696","7071.96384","6878.67264"
"6878.67264","6538.23072","6581.87712"
"6581.87712","6464.65536","5657.97636"
"5657.97636","6767.68608","6507.52236"
"6507.52236","5471.388","6354.60408"
"6354.60408","5709.8844","6388.58592"
"6388.58592","5536.8576","6014.78568"
"6014.78568","5536.8576","6116.7312"
"6116.7312","5069.68524","6031.7766"
"6031.7766","4913.96112","6099.74028"
"6099.74028","7098.7752","7340.07744"
"7340.07744","8213.3172","7917.76872"
"7917.76872","8299.0512","8019.71424"
"8019.71424","8058.996","7815.8232"
"7815.8232","7716.06","6711.4134"
"6711.4134","6652.9584","6371.595"
"6371.595","6207.1416","6550.0776"
"6550.0776","5847.99408","5984.2332"
"5984.2332","5425.24752","5761.79244"
"5761.79244","5337.17532","5675.27904"
"5675.27904","5390.01864","5656.57344"
"5656.57344","5583.77748","5604.19776"
"5604.19776","6180.33024","5915.646"
"5915.646","6292.8756","7390.2708"
"7390.2708","6575.48604","7071.96384"
"7071.96384","6633.00576","6538.23072"
"6538.23072","6750.85104","6464.65536"
"6464.65536","6565.6656","6767.68608"
"6767.68608","6252.65856","5471.388"
"5471.388","6150.71304","5709.8844"
"5709.8844","6065.75844","5536.8576"
"5536.8576","6133.72212","5536.8576"
"5536.8576","6031.7766","5069.68524"
"5069.68524","5369.13072","4913.96112"
"4913.96112","7102.20456","7098.7752"
"7098.7752","7201.656","8213.3172"
"8213.3172","7510.2984","8299.0512"
"8299.0512","8054.4304","8058.996"
"8058.996","5028.06528","7716.06"
"7716.06","6686.62848","6652.9584"
"6652.9584","6005.74464","6207.1416"
"6207.1416","5534.36352","5847.99408"
"5847.99408","5301.94644","5425.24752"
"5425.24752","5178.64536","5337.17532"
"5337.17532","5301.94644","5390.01864"
"5390.01864","5513.31972","5583.77748"
"5583.77748","5597.6508","6180.33024"
"6180.33024","6656.8554","6292.8756"
"6292.8756","6279.46992","6575.48604"
"6575.48604","6060.6144","6633.00576"
"6633.00576","6581.87712","6750.85104"
"6750.85104","6507.2106","6565.6656"
"6565.6656","6614.7678","6252.65856"
"6252.65856","6632.694","6150.71304"
"6150.71304","6184.07136","6065.75844"
"6065.75844","6075.57888","6133.72212"
"6133.72212","5967.0864","6031.7766"
"6031.7766","6127.95456","5369.13072"
"5369.13072","7441.08768","7102.20456"
"7102.20456","8115.8922","7201.656"
"7201.656","7390.2708","7510.2984"
"7510.2984","6546.96","8054.4304"
"8054.4304","6677.43156","5028.06528"
"5028.06528","6422.56776","6686.62848"
"6686.62848","5518.152","6005.74464"
"6005.74464","5534.36352","5534.36352"
"5534.36352","5220.10944","5301.94644"
"5301.94644","4905.85536","5178.64536"
"5178.64536","4958.23104","5301.94644"
"5301.94644","5150.2752","5513.31972"
"5513.31972","5335.14888","5597.6508"
"5597.6508","6116.7312","6656.8554"
"6656.8554","5854.38516","6279.46992"
"6279.46992","6320.62224","6060.6144"
"6060.6144","6422.56776","6581.87712"
"6581.87712","5161.1868","6507.2106"
"6507.2106","5246.9208","6614.7678"
"6614.7678","6241.4352","6632.694"
"6632.694","5831.00316","6184.07136"
"6184.07136","5658.444","6075.57888"
"6075.57888","5692.7376","5967.0864"
"5967.0864","5812.7652","6127.95456"
"6127.95456","6500.81952","7441.08768"
"7441.08768","7442.02296","8115.8922"
"8115.8922","7353.639","7390.2708"
"7390.2708","6972.98004","6546.96"
"6546.96","6540.41304","6677.43156"
"6677.43156","5656.57344","6422.56776"
"6422.56776","5743.86624","5518.152"
"5518.152","4870.93824","5534.36352"
"5534.36352","4731.26976","5220.10944"
"5220.10944","4597.36884","4905.85536"
"4905.85536","4456.45332","4958.23104"
"4958.23104","4791.12768","5150.2752"
"5150.2752","5178.64536","5335.14888"
"5335.14888","5827.88556","6116.7312"
"6116.7312","5199.22152","5854.38516"
"5854.38516","6439.55868","6320.62224"
"6320.62224","6550.0776","6422.56776"
"6422.56776","6430.05","5161.1868"
"5161.1868","6371.595","5246.9208"
"5246.9208","6235.66764","6241.4352"
"6241.4352","5847.0588","5831.00316"
"5831.00316","5607.0036","5658.444"
"5658.444","5589.8568","5692.7376"
"5692.7376","5761.3248","5812.7652"
"5812.7652","7201.656","6500.81952"
"6500.81952","7102.20456","7442.02296"
"7442.02296","7287.39","7353.639"
"7353.639","7232.52024","6972.98004"
"6972.98004","6567.2244","6540.41304"
"6540.41304","5952.12192","5656.57344"
"5656.57344","5363.8308","5743.86624"
"5743.86624","5324.8608","4870.93824"
"4870.93824","4967.27208","4731.26976"
"4731.26976","4932.0432","4597.36884"
"4597.36884","4797.9864","4456.45332"
"4456.45332","5011.23024","4791.12768"
"4791.12768","5294.62008","5178.64536"
"5178.64536","5935.9104","5827.88556"
"5827.88556","6378.6096","5199.22152"
"5199.22152","6395.7564","6439.55868"
"6439.55868","5287.4496","6550.0776"
"6550.0776","5832.71784","6430.05"
"6430.05","5270.61456","6371.595"
"6371.595","5097.276","6235.66764"
"6235.66764","7630.48188","5847.0588"
"5847.0588","7153.17732","5607.0036"
"5607.0036","6626.4588","5589.8568"
"5589.8568","7493.1516","5761.3248"
"5761.3248","7047.3348","7201.656"
"7201.656","6073.24068","7102.20456"
"7102.20456","5727.18708","7287.39"
"7287.39","5484.94956","7232.52024"
"7232.52024","5412.1536","6567.2244"
"6567.2244","5307.40224","5952.12192"
"5952.12192","5255.02656","5363.8308"
"5363.8308","5272.48512","5324.8608"
"5324.8608","5246.9208","4967.27208"
"4967.27208","5437.0944","4932.0432"
"4932.0432","5673.40848","4797.9864"
"4797.9864","5687.59356","5011.23024"
"5011.23024","5821.02684","5294.62008"
"5294.62008","5799.67128","5935.9104"
"5935.9104","5606.06832","6378.6096"
"6378.6096","5808.0888","6395.7564"
"6395.7564","5454.55296","5287.4496"
"5287.4496","5454.08532","5832.71784"
"5832.71784","5415.73884","5270.61456"
"5270.61456","5571.46296","5097.276"
"5097.276","6505.80768","7630.48188"
"7630.48188","6881.3226","7153.17732"
"7153.17732","7102.20456","6626.4588"
"6626.4588","7013.0412","7493.1516"
"7493.1516","6841.5732","7047.3348"
"7047.3348","6310.0224","6073.24068"
"6073.24068","5589.8568","5727.18708"
"5727.18708","5315.508","5484.94956"
"5484.94956","5156.19864","5412.1536"
"5412.1536","4923.31392","5307.40224"
"5307.40224","5150.2752","5255.02656"
"5255.02656","5132.81664","5272.48512"
"5272.48512","5303.0376","5246.9208"
"5246.9208","6077.44944","5437.0944"
"5437.0944","5959.60416","5673.40848"
"5673.40848","6021.17676","5687.59356"
"5687.59356","5954.46012","5821.02684"
"5821.02684","5148.24876","5799.67128"
"5799.67128","5301.16704","5606.06832"
"5606.06832","5301.16704","5808.0888"
"5808.0888","4585.2102","5454.55296"
"5454.55296","4886.838","5454.08532"
"5454.08532","4818.2508","5415.73884"
"5415.73884","4886.838","5571.46296"
"5571.46296","7000.25904","6505.80768"
"6505.80768","7204.15008","6881.3226"
"6881.3226","7081.6284","7102.20456"
"7102.20456","7102.20456","7013.0412"
"7013.0412","7051.2318","6841.5732"
"6841.5732","5878.85832","6310.0224"
"6310.0224","5335.14888","5589.8568"
"5589.8568","5394.69504","5315.508"
"5315.508","5185.19232","5156.19864"
"5156.19864","4983.17184","4923.31392"
"4923.31392","4152.6432","5150.2752"
"5150.2752","4663.9296","5132.81664"
"5132.81664","4848.49152","5303.0376"
"5303.0376","5824.92384","6077.44944"
"6077.44944","6048.76752","5959.60416"
"5959.60416","6207.1416","6021.17676"
"6021.17676","5551.82208","5954.46012"
"5954.46012","5980.80384","5148.24876"
"5148.24876","5720.95188","5301.16704"
"5301.16704","5622.90336","5301.16704"
"5301.16704","5707.07856","4585.2102"
"4585.2102","5929.83108","4886.838"
"4886.838","5810.89464","4818.2508"
"4818.2508","6224.2884","4886.838"
"4886.838","5932.7928","7000.25904"
"7000.25904","7218.8028","7204.15008"
"7204.15008","6765.34788","7081.6284"
"7081.6284","6869.16396","7102.20456"
"7102.20456","6350.08356","7051.2318"
"7051.2318","6021.33264","5878.85832"
"5878.85832","5604.19776","5335.14888"
"5335.14888","5429.61216","5394.69504"
"5394.69504","5202.65088","5185.19232"
"5185.19232","4896.81432","4983.17184"
"4983.17184","4703.05548","4152.6432"
"4152.6432","4888.3968","4663.9296"
"4663.9296","5366.9484","4848.49152"
"4848.49152","5946.822","5824.92384"
"5824.92384","6087.114","6048.76752"
"6048.76752","6177.05676","6207.1416"
"6207.1416","5946.822","5551.82208"
"5551.82208","5774.41872","5980.80384"
"5980.80384","5131.25784","5720.95188"
"5720.95188","4989.7188","5622.90336"
"5622.90336","5115.35808","5707.07856"
"5707.07856","5234.4504","5929.83108"
"5929.83108","5377.86","5810.89464"
"5810.89464","5516.90496","6224.2884"
"6224.2884","6005.74464","5932.7928"
"5932.7928","5935.9104","7218.8028"
"7218.8028","6040.66176","6765.34788"
"6765.34788","6073.24068","6869.16396"
"6869.16396","6018.5268","6350.08356"
"6350.08356","5658.444","6021.33264"
"6021.33264","5220.10944","5604.19776"
"5604.19776","4723.63164","5429.61216"
"5429.61216","4643.97696","5202.65088"
"5202.65088","4773.51324","4896.81432"
"4896.81432","4678.89408","4703.05548"
"4703.05548","4720.66992","4888.3968"
"4888.3968","4740.46668","5366.9484"
"5366.9484","5012.3214","5946.822"
"5946.822","5084.18208","6087.114"
"6087.114","5067.34704","6177.05676"
"6177.05676","5134.6872","5946.822"
"5946.822","5016.84192","5774.41872"
"5774.41872","5097.276","5131.25784"
"5131.25784","4553.56656","4989.7188"
"4989.7188","4561.0488","5115.35808"
"5115.35808","4571.181","5234.4504"
"5234.4504","4678.7382","5377.86"
"5377.86","4804.2216","5516.90496"
"5516.90496","5447.07072","6005.74464"
"6005.74464","5530.93416","5935.9104"
"5935.9104","5865.60852","6040.66176"
"6040.66176","5579.88048","6073.24068"
"6073.24068","5575.0482","6018.5268"
"6018.5268","5270.3028","5658.444"
"5658.444","4888.3968","5220.10944"
"5220.10944","4286.7","4723.63164"
"4723.63164","4012.3512","4643.97696"
"4643.97696","4312.26432","4773.51324"
"4773.51324","4417.01568","4678.89408"
"4678.89408","4556.68416","4720.66992"
"4720.66992","4783.64544","4740.46668"
"4740.46668","5062.9824","5012.3214"
"5012.3214","5132.81664","5084.18208"
"5084.18208","5202.65088","5067.34704"
"5067.34704","5235.69744","5134.6872"
"5134.6872","5318.15796","5016.84192"
"5016.84192","5233.20336","5097.276"
"5097.276","4944.35772","4553.56656"
"4553.56656","4842.4122","4561.0488"
"4561.0488","4638.52116","4571.181"
"4571.181","4672.503","4678.7382"
"4678.7382","4281.71184","4804.2216"
"4804.2216","5691.9582","5447.07072"
"5447.07072","6235.66764","5530.93416"
"5530.93416","6021.33264","5865.60852"
"5865.60852","6211.66212","5579.88048"
"5579.88048","5865.60852","5575.0482"
"5575.0482","5604.19776","5270.3028"
"5270.3028","5231.48868","4888.3968"
"4888.3968","4914.42876","4286.7"
"4286.7","4843.971","4012.3512"
"4012.3512","4703.05548","4312.26432"
"4312.26432","4691.36448","4417.01568"
"4417.01568","4709.1348","4556.68416"
"4556.68416","4655.82384","4783.64544"
"4783.64544","5348.86632","5062.9824"
"5062.9824","5267.1852","5132.81664"
"5132.81664","5046.30324","5202.65088"
"5202.65088","5590.01268","5235.69744"
"5235.69744","5539.03992","5318.15796"
"5318.15796","6694.42248","5233.20336"
"5233.20336","5318.15796","4944.35772"
"4944.35772","5335.14888","4842.4122"
"4842.4122","5250.19428","4638.52116"
"4638.52116","5246.9208","4672.503"
"4672.503","5332.6548","4281.71184"
"4281.71184","6327.1692","5691.9582"
"5691.9582","6388.58592","6235.66764"
"6235.66764","6541.5042","6021.33264"
"6021.33264","6388.58592","6211.66212"
"6211.66212","6286.6404","5865.60852"
"5865.60852","5727.0312","5604.19776"
"5604.19776","5454.08532","5231.48868"
"5231.48868","5115.35808","4914.42876"
"4914.42876","4940.77248","4843.971"
"4843.971","4958.23104","4703.05548"
"4703.05548","5010.60672","4691.36448"
"4691.36448","5028.06528","4709.1348"
"4709.1348","5167.73376","4655.82384"
"4655.82384","5369.13072","5348.86632"
"5348.86632","5386.12164","5267.1852"
"5267.1852","5335.14888","5046.30324"
"5046.30324","5454.55296","5590.01268"
"5590.01268","5437.71792","5539.03992"
"5539.03992","5538.72816","6694.42248"
"6694.42248","5252.53248","5318.15796"
"5318.15796","5303.0376","5335.14888"
"5335.14888","5218.8624","5250.19428"
"5250.19428","5352.1398","5246.9208"
"5246.9208","5505.05808","5332.6548"
"5332.6548","6541.5042","6327.1692"
"6327.1692","7238.13192","6388.58592"
"6388.58592","7255.12284","6541.5042"
"6541.5042","7133.0688","6388.58592"
"6388.58592","6610.55904","6286.6404"
"6286.6404","5915.646","5727.0312"
"5727.0312","5879.7936","5454.08532"
"5454.08532","5270.3028","5115.35808"
"5115.35808","5324.0814","4940.77248"
"4940.77248","5207.63904","4958.23104"
"4958.23104","5388.45984","5010.60672"
"5010.60672","5726.71944","5028.06528"
"5028.06528","5872.62312","5167.73376"
"5167.73376","6930.4248","5369.13072"
"5369.13072","6060.6144","5386.12164"
"5386.12164","5622.90336","5335.14888"
"5335.14888","5912.84016","5454.55296"
"5454.55296","6127.95456","5437.71792"
"5437.71792","5114.26692","5538.72816"
"5538.72816","5012.3214","5252.53248"
"5252.53248","4852.5444","5303.0376"
"5303.0376","4774.44852","5218.8624"
"5218.8624","4876.39404","5352.1398"
"5352.1398","4831.65648","5505.05808"
"5505.05808","7747.85952","6541.5042"
"6541.5042","7934.75964","7238.13192"
"7238.13192","7968.74148","7255.12284"
"7255.12284","7068.22272","7133.0688"
"7133.0688","6817.25592","6610.55904"
"6610.55904","6529.50144","5915.646"
"5915.646","5988.28608","5879.7936"
"5879.7936","5534.36352","5270.3028"
"5270.3028","5202.65088","5324.0814"
"5324.0814","5115.35808","5207.63904"
"5207.63904","5188.93344","5388.45984"
"5388.45984","5331.096","5726.71944"
"5726.71944","6095.21976","5872.62312"
"5872.62312","7000.25904","6930.4248"
"6930.4248","6666.67584","6060.6144"
"6060.6144","6161.62464","5622.90336"
"5622.90336","5740.74864","5912.84016"
"5912.84016","6666.67584","6127.95456"
"6127.95456","7374.05928","5114.26692"
"5114.26692","6694.42248","5012.3214"
"5012.3214","6350.08356","4852.5444"
"4852.5444","6515.784","4774.44852"
"4774.44852","6498.6372","4876.39404"
"4876.39404","6652.9584","4831.65648"
"4831.65648","8080.35156","7747.85952"
"7747.85952","8755.15608","7934.75964"
"7934.75964","8504.8128","7968.74148"
"7968.74148","8305.2864","7068.22272"
"7068.22272","7000.88256","6817.25592"
"6817.25592","6791.37984","6529.50144"
"6529.50144","6442.20864","5988.28608"
"5988.28608","5548.5486","5534.36352"
"5534.36352","5460.4764","5202.65088"
"5202.65088","5604.19776","5115.35808"
"5115.35808","5689.46412","5188.93344"
"5188.93344","5953.68072","5331.096"
"5331.096","6217.89732","6095.21976"
"6095.21976","6961.6008","7000.25904"
"7000.25904","7153.17732","6666.67584"
"6666.67584","6303.63132","6161.62464"
"6161.62464","6235.66764","5740.74864"
"5740.74864","5727.0312","6666.67584"
"6666.67584","5709.8844","7374.05928"
"7374.05928","5674.96728","6694.42248"
"6694.42248","5759.92188","6350.08356"
"6350.08356","5298.3612","6515.784"
"6515.784","5418.3888","6498.6372"
"6498.6372","7204.15008","6652.9584"
"6652.9584","8436.2256","8080.35156"
"8080.35156","8487.666","8755.15608"
"8755.15608","8470.5192","8504.8128"
"8504.8128","8121.65976","8305.2864"
"8305.2864","7255.12284","7000.88256"
"7000.88256","7887.528","6791.37984"
"6791.37984","5864.2056","6442.20864"
"6442.20864","5761.79244","5548.5486"
"5548.5486","5636.6208","5460.4764"
"5460.4764","5442.86196","5604.19776"
"5604.19776","5384.40696","5689.46412"
"5689.46412","5846.43528","5953.68072"
"5953.68072","6004.02996","6217.89732"
"6217.89732","6817.25592","6961.6008"
"6961.6008","7161.43896","7153.17732"
"7153.17732","6412.9032","6303.63132"
"6303.63132","6550.0776","6235.66764"
"6235.66764","5281.2144","5727.0312"
"5727.0312","5212.6272","5709.8844"
"5709.8844","5052.38256","5674.96728"
"5674.96728","4827.44772","5759.92188"
"5759.92188","4783.9572","5298.3612"
"5298.3612","4852.5444","5418.3888"
"5418.3888","4869.6912","7204.15008"
"7204.15008","7956.1152","8436.2256"
"8436.2256","7730.8686","8487.666"
"8487.666","7713.87768","8470.5192"
"8470.5192","7543.96848","8121.65976"
"8121.65976","6869.16396","7255.12284"
"7255.12284","5900.8374","7887.528"
"7887.528","5178.64536","5864.2056"
"5864.2056","5011.23024","5761.79244"
"5761.79244","4993.45992","5636.6208"
"5636.6208","4904.60832","5442.86196"
"5442.86196","4797.9864","5384.40696"
"5384.40696","5029.00056","5846.43528"
"5846.43528","5722.04304","6004.02996"
"6004.02996","7125.89832","6817.25592"
"6817.25592","6966.2772","7161.43896"
"7161.43896","6035.6736","6412.9032"
"6412.9032","6035.6736","6550.0776"
"6550.0776","3926.6172","5281.2144"
"5281.2144","5058.306","5212.6272"
"5212.6272","4921.1316","5052.38256"
"5052.38256","4663.9296","4827.44772"
"4827.44772","4475.3148","4783.9572"
"4783.9572","4698.2232","4852.5444"
"4852.5444","4766.8104","4869.6912"
"4869.6912","7577.95032","7956.1152"
"7956.1152","7459.01388","7730.8686"
"7730.8686","7357.06836","7713.87768"
"7713.87768","7197.91488","7543.96848"
"7543.96848","6038.63532","6869.16396"
"6869.16396","5425.24752","5900.8374"
"5900.8374","5178.64536","5178.64536"
"5178.64536","4691.36448","5011.23024"
"5011.23024","4579.7544","4993.45992"
"4993.45992","4602.51288","4904.60832"
"4904.60832","4638.05352","4797.9864"
"4797.9864","5045.52384","5029.00056"
"5029.00056","5502.25224","5722.04304"
"5722.04304","7699.6926","7125.89832"
"7125.89832","6711.4134","6966.2772"
"6966.2772","5812.7652","6035.6736"
"6035.6736","5984.2332","6035.6736"
"6035.6736","6039.41472","3926.6172"
"3926.6172","4536.57564","5058.306"
"5058.306","4468.61196","4921.1316"
"4921.1316","4298.70276","4663.9296"
"4663.9296","3839.94792","4475.3148"
"4475.3148","4412.1834","4698.2232"
"4698.2232","5812.7652","4766.8104"
"4766.8104","6915.30444","7577.95032"
"7577.95032","7306.0956","7459.01388"
"7459.01388","7136.1864","7357.06836"
"7357.06836","6835.02624","7197.91488"
"7197.91488","6346.81008","6038.63532"
"6038.63532","6195.29472","5425.24752"
"5425.24752","5969.4246","5178.64536"
"5178.64536","5307.40224","4691.36448"
"4691.36448","4870.93824","4579.7544"
"4579.7544","4486.84992","4602.51288"
"4602.51288","4207.51296","4638.05352"
"4638.05352","4269.5532","5045.52384"
"5045.52384","5196.2598","5502.25224"
"5502.25224","5442.86196","7699.6926"
"7699.6926","5812.7652","6711.4134"
"6711.4134","5641.2972","5812.7652"
"5812.7652","5795.6184","5984.2332"
"5984.2332","5590.01268","6039.41472"
"6039.41472","5556.03084","4536.57564"
"4536.57564","5235.69744","4468.61196"
"4468.61196","4781.15136","4298.70276"
"4298.70276","4663.30608","3839.94792"
"3839.94792","4655.51208","4412.1834"
"4412.1834","4915.83168","5812.7652"
"5812.7652","6978.7476","6915.30444"
"6915.30444","7272.11376","7306.0956"
"7306.0956","6927.3072","7136.1864"
"7136.1864","5264.0676","6835.02624"
"6835.02624","6043.77936","6346.81008"
"6346.81008","5757.58368","6195.29472"
"6195.29472","5727.18708","5969.4246"
"5969.4246","5289.94368","5307.40224"
"5307.40224","5062.9824","4870.93824"
"4870.93824","4713.8112","4486.84992"
"4486.84992","4678.89408","4207.51296"
"4207.51296","4905.85536","4269.5532"
"4269.5532","5182.2306","5196.2598"
"5196.2598","6371.595","5442.86196"
"5442.86196","6155.7012","5812.7652"
"5812.7652","6378.6096","5641.2972"
"5641.2972","5986.72728","5795.6184"
"5795.6184","5607.0036","5590.01268"
"5590.01268","5264.0676","5556.03084"
"5556.03084","5260.01472","5235.69744"
"5235.69744","5144.04","4781.15136"
"4781.15136","4646.7828","4663.30608"
"4663.30608","4543.902","4655.51208"
"4655.51208","5115.35808","4915.83168"
"4915.83168","7419.888","6978.7476"
"6978.7476","7611.93216","7272.11376"
"7272.11376","7437.34656","6927.3072"
"6927.3072","6983.424","5264.0676"
"5264.0676","6337.45728","6043.77936"
"6043.77936","5115.35808","5757.58368"
"5757.58368","4696.35264","5727.18708"
"5727.18708","4591.60128","5289.94368"
"5289.94368","4315.5378","5062.9824"
"5062.9824","4051.3212","4713.8112"
"4713.8112","4190.0544","4678.89408"
"4678.89408","4469.39136","4905.85536"
"4905.85536","4783.9572","5182.2306"
"5182.2306","6150.71304","6371.595"
"6371.595","6932.29536","6155.7012"
"6155.7012","6949.28628","6378.6096"
"6378.6096","5744.178","5986.72728"
"5986.72728","5161.1868","5607.0036"
"5607.0036","5075.4528","5264.0676"
"5264.0676","4886.838","5260.01472"
"5260.01472","4766.8104","5144.04"
"5144.04","4663.9296","4646.7828"
"4646.7828","4792.84236","4543.902"
"4543.902","4827.44772","5115.35808"
"5115.35808","7111.40148","7419.888"
"7419.888","7646.84928","7611.93216"
"7611.93216","7232.52024","7437.34656"
"7437.34656","6755.8392","6983.424"
"6983.424","6678.83448","6337.45728"
"6337.45728","6354.91584","5115.35808"
"5115.35808","5866.07616","4696.35264"
"4696.35264","5586.7392","4591.60128"
"4591.60128","4914.42876","4315.5378"
"4315.5378","4262.69448","4051.3212"
"4051.3212","4300.41744","4190.0544"
"4190.0544","4491.6822","4469.39136"
"4469.39136","5125.80204","4783.9572"
"4783.9572","6267.62304","6150.71304"
"6150.71304","7647.4728","6932.29536"
"6932.29536","6065.75844","6949.28628"
"6949.28628","5640.98544","5744.178"
"5744.178","4553.56656","5161.1868"
"5161.1868","5250.19428","5075.4528"
"5075.4528","5012.3214","4886.838"
"4886.838","4852.5444","4766.8104"
"4766.8104","4886.838","4663.9296"
"4663.9296","4989.7188","4792.84236"
"4792.84236","5469.8292","4827.44772"
"4827.44772","6807.2796","7111.40148"
"7111.40148","6782.65056","7646.84928"
"7646.84928","7146.00684","7232.52024"
"7232.52024","6748.0452","6755.8392"
"6755.8392","5398.43616","6678.83448"
"6678.83448","4983.17184","6354.91584"
"6354.91584","4597.36884","5866.07616"
"5866.07616","4421.22444","5586.7392"
"5586.7392","4174.62228","4914.42876"
"4914.42876","4051.63296","4262.69448"
"4262.69448","3945.01104","4300.41744"
"4300.41744","4526.91108","4491.6822"
"4491.6822","5372.4042","5125.80204"
"5125.80204","6038.63532","6267.62304"
"6267.62304","6592.47696","7647.4728"
"7647.4728","6286.6404","6065.75844"
"6065.75844","6023.2032","5640.98544"
"5640.98544","5882.9112","4553.56656"
"4553.56656","5725.94004","5250.19428"
"5250.19428","5607.0036","5012.3214"
"5012.3214","5272.48512","4852.5444"
"4852.5444","5260.01472","4886.838"
"4886.838","5260.01472","4989.7188"
"4989.7188","5952.12192","5469.8292"
"5469.8292","7319.03364","6807.2796"
"6807.2796","7609.43808","6782.65056"
"6782.65056","8155.48572","7146.00684"
"7146.00684","6669.16992","6748.0452"
"6748.0452","6127.95456","5398.43616"
"5398.43616","5237.568","4983.17184"
"4983.17184","3683.75616","4597.36884"
"4597.36884","4667.8266","4421.22444"
"4421.22444","4385.99556","4174.62228"
"4174.62228","4371.49872","4051.63296"
"4051.63296","4318.18776","3945.01104"
"3945.01104","4602.51288","4526.91108"
"4526.91108","5675.27904","5372.4042"
"5372.4042","6285.0816","6038.63532"
"6038.63532","6903.76932","6592.47696"
"6592.47696","6512.04288","6286.6404"
"6286.6404","5691.49056","6023.2032"
"6023.2032","6640.17624","5882.9112"
"5882.9112","5591.540304","5725.94004"
"5725.94004","5522.080176","5607.0036"
"5607.0036","6807.092544","5272.48512"
"5272.48512","6668.172288","5260.01472"
"5260.01472","5110.790796","5260.01472"
"5260.01472","6599.33568","5952.12192"
"5952.12192","8253.191304","7319.03364"
"7319.03364","7016.953788","7609.43808"
"7609.43808","6764.319072","8155.48572"
"8155.48572","6643.52766","6669.16992"
"6669.16992","5447.678652","6127.95456"
"6127.95456","5460.4764","5237.568"
"5237.568","5378.919984","3683.75616"
"3683.75616","4206.11004","4667.8266"
"4667.8266","4350.76668","4385.99556"
"4385.99556","4389.26904","4371.49872"
"4371.49872","4353.7284","4318.18776"
"4318.18776","4624.9596","4602.51288"
"4602.51288","5646.753","5675.27904"
"5675.27904","7578.1062","6285.0816"
"6285.0816","7272.11376","6903.76932"
"6903.76932","5740.74864","6512.04288"
"6512.04288","5674.032","5691.49056"
"5691.49056","5415.73884","6640.17624"
"6640.17624","3788.50752","5591.540304"
"5591.540304","5028.06528","5522.080176"
"5522.080176","5301.94644","6807.092544"
"6807.092544","6076.9818","6668.172288"
"6668.172288","6253.1262","5110.790796"
"5110.790796","7257.14928","6599.33568"
"6599.33568","7751.60064","8253.191304"
"8253.191304","7068.22272","7016.953788"
"7016.953788","8036.70516","6764.319072"
"6764.319072","7815.8232","6643.52766"
"6643.52766","8121.65976","5447.678652"
"5447.678652","7924.62744","5460.4764"
"5460.4764","5953.36896","5378.919984"
"5378.919984","5674.032","4206.11004"
"4206.11004","5220.10944","4350.76668"
"4350.76668","4861.58544","4389.26904"
"4389.26904","4932.0432","4353.7284"
"4353.7284","5028.06528","4624.9596"
"4624.9596","5398.43616","5646.753"
"5646.753","6488.505","7578.1062"
"7578.1062","6488.505","7272.11376"
"7272.11376","6834.5586","5740.74864"
"5740.74864","6609.46788","5674.032"
"5674.032","6344.316","5415.73884"
"5415.73884","6515.784","3788.50752"
"3788.50752","6241.4352","5028.06528"
"5028.06528","5881.3524","5301.94644"
"5301.94644","5607.0036","6076.9818"
"6076.9818","5829.912","6253.1262"
"6253.1262","5881.3524","7257.14928"
"7257.14928","7527.4452","7751.60064"
"7751.60064","8223.60528","7068.22272"
"7068.22272","8138.65068","8036.70516"
"8036.70516","8665.3692","7815.8232"
"7815.8232","7292.37816","8121.65976"
"8121.65976","6464.49948","7924.62744"
"7924.62744","6006.52404","5953.36896"
"5953.36896","5796.24192","5674.032"
"5674.032","5429.61216","5220.10944"
"5220.10944","5125.80204","4861.58544"
"4861.58544","5045.52384","4932.0432"
"4932.0432","5208.10668","5028.06528"
"5028.06528","5779.09512","5398.43616"
"5398.43616","6567.2244","6488.505"
"6488.505","5882.9112","6488.505"
"6488.505","6886.46664","6834.5586"
"6834.5586","6541.5042","6609.46788"
"6609.46788","6155.7012","6344.316"
"6344.316","5486.976","6515.784"
"6515.784","5301.16704","6241.4352"
"6241.4352","5126.8932","5881.3524"
"5881.3524","6886.46664","5607.0036"
"5607.0036","5190.804","5829.912"
"5829.912","5294.62008","5881.3524"
"5881.3524","8236.07568","7527.4452"
"7527.4452","7962.97392","8223.60528"
"8223.60528","7613.1792","8138.65068"
"8138.65068","7561.7388","8665.3692"
"8665.3692","6494.58432","7292.37816"
"7292.37816","6197.7888","6464.49948"
"6464.49948","5213.87424","6006.52404"
"6006.52404","5062.9824","5796.24192"
"5796.24192","4748.72832","5429.61216"
"5429.61216","4703.05548","5125.80204"
"5125.80204","5062.9824","5045.52384"
"5045.52384","5450.3442","5208.10668"
"5208.10668","6159.75408","5779.09512"
"5779.09512","6584.3712","6567.2244"
"6567.2244","7215.21756","5882.9112"
"5882.9112","6782.65056","6886.46664"
"6886.46664","6456.5496","6541.5042"
"6541.5042","6258.582","6155.7012"
"6155.7012","6155.7012","5486.976"
"5486.976","5674.96728","5301.16704"
"5301.16704","5624.1504","5126.8932"
"5126.8932","6177.05676","6886.46664"
"6886.46664","6315.4782","5190.804"
"5190.804","6748.0452","5294.62008"
"5294.62008","8132.2596","8236.07568"
"8236.07568","7777.78848","7962.97392"
"7962.97392","7458.858","7613.1792"
"7613.1792","7270.2432","7561.7388"
"7561.7388","6773.92128","6494.58432"
"6494.58432","5900.99328","6197.7888"
"6197.7888","5442.86196","5213.87424"
"5213.87424","4595.3424","5062.9824"
"5062.9824","4412.1834","4748.72832"
"4748.72832","4252.4064","4703.05548"
"4703.05548","4441.0212","5062.9824"
"5062.9824","4492.4616","5450.3442"
"5450.3442","5744.48976","6159.75408"
"6159.75408","6310.0224","6584.3712"
"6584.3712","6851.86128","7215.21756"
"7215.21756","7115.922","6782.65056"
"6782.65056","7218.8028","6456.5496"
"6456.5496","6507.52236","6258.582"
"6258.582","6354.60408","6155.7012"
"6155.7012","5829.912","5674.96728"
"5674.96728","5420.10348","5624.1504"
"5624.1504","5352.1398","6177.05676"
"6177.05676","5260.01472","6315.4782"
"6315.4782","5831.00316","6748.0452"
"6748.0452","7319.03364","8132.2596"
"8132.2596","6944.454","7777.78848"
"7777.78848","7249.82292","7458.858"
"7458.858","6791.37984","7270.2432"
"7270.2432","6407.29152","6773.92128"
"6773.92128","6110.496","5900.99328"
"5900.99328","5354.78976","5442.86196"
"5442.86196","4914.42876","4595.3424"
"4595.3424","4726.90512","4412.1834"
"4412.1834","4780.21608","4252.4064"
"4252.4064","4940.14896","4441.0212"
"4441.0212","5161.03092","4492.4616"
"4492.4616","5363.8308","5744.48976"
"5744.48976","6001.38","6310.0224"
"6310.0224","6395.7564","6851.86128"
"6851.86128","6344.316","7115.922"
"7115.922","6395.7564","7218.8028"
"7218.8028","5864.2056","6507.52236"
"6507.52236","6121.4076","6354.60408"
"6354.60408","5401.242","5829.912"
"5829.912","5915.646","5420.10348"
"5420.10348","5795.6184","5352.1398"
"5352.1398","5967.0864","5260.01472"
"5260.01472","6481.4904","5831.00316"
"5831.00316","7270.2432","7319.03364"
"7319.03364","7459.01388","6944.454"
"6944.454","7561.7388","7249.82292"
"7249.82292","7441.7112","6791.37984"
"6791.37984","7424.5644","6407.29152"
"6407.29152","6407.29152","6110.496"
"6110.496","5621.65632","5354.78976"
"5354.78976","5513.31972","4914.42876"
"4914.42876","5313.32568","4726.90512"
"4726.90512","4957.91928","4780.21608"
"4780.21608","5161.03092","4940.14896"
"4940.14896","4967.27208","5161.03092"
"5161.03092","5349.8016","5363.8308"
"5363.8308","6704.3988","6001.38"
"6001.38","6898.31352","6395.7564"
"6395.7564","6515.784","6344.316"
"6344.316","6584.3712","6395.7564"
"6395.7564","6618.6648","5864.2056"
"5864.2056","5967.0864","6121.4076"
"6121.4076","5778.4716","5401.242"
"5401.242","5572.71","5915.646"
"5915.646","5415.73884","5795.6184"
"5795.6184","5363.8308","5967.0864"
"5967.0864","5640.67368","6481.4904"
"6481.4904","7255.12284","7270.2432"
"7270.2432","7900.7778","7459.01388"
"7459.01388","7904.6748","7561.7388"
"7561.7388","7767.5004","7441.7112"
"7441.7112","7353.639","7424.5644"
"7424.5644","6075.57888","6407.29152"
"6407.29152","5534.36352","5621.65632"
"5621.65632","5372.4042","5513.31972"
"5513.31972","4993.45992","5313.32568"
"5313.32568","4655.82384","4957.91928"
"4957.91928","4861.58544","5161.03092"
"5161.03092","5090.57316","4967.27208"
"4967.27208","5864.2056","5349.8016"
"5349.8016","6738.6924","6704.3988"
"6704.3988","7013.0412","6898.31352"
"6898.31352","6990.28272","6515.784"
"6515.784","5984.2332","6584.3712"
"6584.3712","6138.5544","6618.6648"
"6618.6648","5847.0588","5967.0864"
"5967.0864","5554.16028","5778.4716"
"5778.4716","5844.87648","5572.71"
"5572.71","7730.8686","5415.73884"
"5415.73884","7306.0956","5363.8308"
"5363.8308","7458.858","5640.67368"
"5640.67368","7476.0048","7255.12284"
"7255.12284","6601.518","7900.7778"
"7900.7778","6361.4628","7904.6748"
"7904.6748","6005.74464","7767.5004"
"7767.5004","5495.70528","7353.639"
"7353.639","4914.42876","6075.57888"
"6075.57888","4566.97224","5534.36352"
"5534.36352","4407.03936","5372.4042"
"5372.4042","4403.61","4993.45992"
"4993.45992","4783.64544","4655.82384"
"4655.82384","5881.3524","4861.58544"
"4861.58544","6550.0776","5090.57316"
"5090.57316","6515.784","5864.2056"
"5864.2056","6515.784","6738.6924"
"6738.6924","5795.6184","7013.0412"
"7013.0412","6052.8204","6990.28272"
"6990.28272","4955.4252","5984.2332"
"5984.2332","4732.5168","6138.5544"
"6138.5544","4595.3424","5847.0588"
"5847.0588","4671.7236","5554.16028"
"5554.16028","4975.6896","5844.87648"
"5844.87648","6529.50144","7730.8686"
"7730.8686","6634.2528","7306.0956"
"7306.0956","6739.00416","7458.858"
"7458.858","6194.35944","7476.0048"
"7476.0048","5621.65632","6601.518"
"6601.518","5324.8608","6361.4628"
"6361.4628","4591.60128","6005.74464"
"6005.74464","4417.01568","5495.70528"
"5495.70528","4446.78876","4914.42876"
"4914.42876","4498.6968","4566.97224"
"4566.97224","4758.237","4407.03936"
"4407.03936","4879.35576","4403.61"
"4403.61","5467.64688","4783.64544"
"4783.64544","6644.22912","5881.3524"
"5881.3524","6315.4782","6550.0776"
"6550.0776","5969.4246","6515.784"
"6515.784","5173.50132","6515.784"
"6515.784","5173.50132","5795.6184"
"5795.6184","4689.02628","6052.8204"
"6052.8204","4748.72832","4955.4252"
"4955.4252","4172.59584","4732.5168"
"4732.5168","4399.55712","4595.3424"
"4595.3424","4207.51296","4671.7236"
"4671.7236","4853.47968","4975.6896"
"4975.6896","5761.3248","6529.50144"
"6529.50144","7245.3024","6634.2528"
"6634.2528","6955.67736","6739.00416"
"6739.00416","6488.505","6194.35944"
"6194.35944","5329.22544","5621.65632"
"5621.65632","4792.84236","5324.8608"
"5324.8608","4259.88864","4591.60128"
"4591.60128","5796.24192","4417.01568"
"4417.01568","3910.40568","4446.78876"
"4446.78876","3787.1046","4498.6968"
"4498.6968","3751.87572","4758.237"
"4758.237","3928.02012","4879.35576"
"4879.35576","5150.2752","5467.64688"
"5467.64688","6529.50144","6644.22912"
"6644.22912","6931.04832","6315.4782"
"6315.4782","5866.07616","5969.4246"
"5969.4246","5150.2752","5173.50132"
"5173.50132","5255.02656","5173.50132"
"5173.50132","5272.48512","4689.02628"
"4689.02628","5080.44096","4748.72832"
"4748.72832","4643.97696","4172.59584"
"4172.59584","4836.02112","4399.55712"
"4399.55712","4888.3968","4207.51296"
"4207.51296","5621.65632","4853.47968"
"4853.47968","7297.67808","5761.3248"
"5761.3248","7287.39","7245.3024"
"7245.3024","6550.0776","6955.67736"
"6955.67736","6275.7288","6488.505"
"6488.505","6215.24736","5329.22544"
"5329.22544","5883.22296","4792.84236"
"4792.84236","5548.5486","4259.88864"
"4259.88864","5390.01864","5796.24192"
"5796.24192","5020.1154","3910.40568"
"3910.40568","4584.74256","3787.1046"
"3787.1046","4262.69448","3751.87572"
"3751.87572","4280.30892","3928.02012"
"3928.02012","4923.31392","5150.2752"
"5150.2752","7000.88256","6529.50144"
"6529.50144","6721.5456","6931.04832"
"6931.04832","5138.89596","5866.07616"
"5866.07616","5881.3524","5150.2752"
"5150.2752","5538.4164","5255.02656"
"5255.02656","4989.7188","5272.48512"
"5272.48512","4955.4252","5080.44096"
"5080.44096","4844.7504","4643.97696"
"4643.97696","4758.237","4836.02112"
"4836.02112","4896.65844","4888.3968"
"4888.3968","5121.59328","5621.65632"
"5621.65632","7215.21756","7297.67808"
"7297.67808","7526.6658","7287.39"
"7287.39","7180.6122","6550.0776"
"6550.0776","6567.2244","6275.7288"
"6275.7288","5675.27904","6215.24736"
"6215.24736","6592.32108","5883.22296"
"5883.22296","4498.6968","5548.5486"
"5548.5486","4224.97152","5390.01864"
"5390.01864","4102.7616","5020.1154"
"5020.1154","4137.67872","4584.74256"
"4584.74256","4242.43008","4262.69448"
"4262.69448","4818.56256","4280.30892"
"4280.30892","5052.38256","4923.31392"
"4923.31392","7059.49344","7000.88256"
"7000.88256","6748.0452","6721.5456"
"6721.5456","6090.54336","5138.89596"
"5138.89596","5555.5632","5881.3524"
"5881.3524","5589.8568","5538.4164"
"5538.4164","5311.92276","4989.7188"
"4989.7188","5138.89596","4955.4252"
"4955.4252","5024.0124","4844.7504"
"4844.7504","4972.572","4758.237"
"4758.237","5208.10668","4896.65844"
"4896.65844","5744.48976","5121.59328"
"5121.59328","7370.94168","7215.21756"
"7215.21756","7388.24436","7526.6658"
"7526.6658","7319.03364","7180.6122"
"7180.6122","6609.62376","6567.2244"
"6567.2244","5882.9112","5675.27904"
"5675.27904","5173.50132","6592.32108"
"6592.32108","4619.81556","4498.6968"
"4498.6968","4342.97268","4224.97152"
"4224.97152","4152.6432","4102.7616"
"4102.7616","4221.85392","4137.67872"
"4137.67872","4204.55124","4242.43008"
"4242.43008","4723.63164","4818.56256"
"4818.56256","5294.62008","5052.38256"
"5052.38256","7561.27116","7059.49344"
"7059.49344","7474.75776","6748.0452"
"6748.0452","6384.68892","6090.54336"
"6090.54336","6280.87284","5555.5632"
"5555.5632","6090.54336","5589.8568"
"5589.8568","5586.7392","5311.92276"
"5311.92276","5277.3174","5138.89596"
"5138.89596","5237.568","5024.0124"
"5024.0124","5359.77792","4972.572"
"4972.572","5035.07988","5208.10668"
"5208.10668","4896.65844","5744.48976"
"5744.48976","7976.53548","7370.94168"
"7370.94168","7474.75776","7388.24436"
"7388.24436","7613.1792","7319.03364"
"7319.03364","7543.96848","6609.62376"
"6609.62376","6826.29696","5882.9112"
"5882.9112","5447.07072","5173.50132"
"5173.50132","5307.40224","4619.81556"
"4619.81556","5097.89952","4342.97268"
"4342.97268","4914.42876","4152.6432"
"4152.6432","4685.44104","4221.85392"
"4221.85392","4597.36884","4204.55124"
"4204.55124","5115.35808","4723.63164"
"4723.63164","5450.3442","5294.62008"
"5294.62008","6903.76932","7561.27116"
"7561.27116","7306.0956","7474.75776"
"7474.75776","6677.43156","6384.68892"
"6384.68892","6618.6648","6280.87284"
"6280.87284","6172.848","6090.54336"
"6090.54336","5522.049","5586.7392"
"5586.7392","5471.07624","5277.3174"
"5277.3174","5675.5908","5237.568"
"5237.568","5401.242","5359.77792"
"5359.77792","5744.48976","5035.07988"
"5035.07988","5952.12192","4896.65844"
"4896.65844","7493.1516","7976.53548"
"7976.53548","7900.7778","7474.75776"
"7474.75776","7509.98664","7613.1792"
"7613.1792","7596.0324","7543.96848"
"7543.96848","7493.1516","6826.29696"
"6826.29696","6145.41312","5447.07072"
"5447.07072","5002.50096","5307.40224"
"5307.40224","5196.2598","5097.89952"
"5097.89952","4826.35656","4914.42876"
"4914.42876","4738.28436","4685.44104"
"4685.44104","4914.42876","4597.36884"
"4597.36884","5080.44096","5115.35808"
"5115.35808","5377.23648","5450.3442"
"5450.3442","6337.45728","6903.76932"
"6903.76932","6601.518","7306.0956"
"7306.0956","6473.54052","6677.43156"
"6677.43156","6430.05","6618.6648"
"6618.6648","6094.28448","6172.848"
"6172.848","5929.83108","5522.049"
"5522.049","5657.97636","5471.07624"
"5471.07624","5250.19428","5675.5908"
"5675.5908","4944.35772","5401.242"
"5401.242","5267.1852","5744.48976"
"5744.48976","5281.2144","5952.12192"
"5952.12192","6881.3226","7493.1516"
"7493.1516","7184.5092","7900.7778"
"7900.7778","7133.0688","7509.98664"
"7509.98664","6564.41856","7596.0324"
"7596.0324","6389.83296","7493.1516"
"7493.1516","5231.48868","6145.41312"
"6145.41312","5090.57316","5002.50096"
"5002.50096","4843.971","5196.2598"
"5196.2598","4744.67544","4826.35656"
"4826.35656","4602.51288","4738.28436"
"4738.28436","4638.05352","4914.42876"
"4914.42876","5196.2598","5080.44096"
"5080.44096","6165.054","5377.23648"
"5377.23648","7679.89584","6337.45728"
"6337.45728","6807.2796","6601.518"
"6601.518","6201.6858","6473.54052"
"6473.54052","5844.87648","6430.05"
"6430.05","5812.7652","6094.28448"
"6094.28448","5967.0864","5929.83108"
"5929.83108","5658.444","5657.97636"
"5657.97636","5469.8292","5250.19428"
"5250.19428","5212.6272","4944.35772"
"4944.35772","5435.5356","5267.1852"
"5267.1852","5795.6184","5281.2144"
"5281.2144","7424.5644","6881.3226"
"6881.3226","7373.124","7184.5092"
"7184.5092","7253.0964","7133.0688"
"7133.0688","7235.9496","6564.41856"
"6564.41856","5829.912","6389.83296"
"6389.83296","5658.444","5231.48868"
"5231.48868","5173.50132","5090.57316"
"5090.57316","4914.42876","4843.971"
"4843.971","4731.26976","4744.67544"
"4744.67544","4879.35576","4602.51288"
"4602.51288","5045.52384","4638.05352"
"4638.05352","5178.64536","5196.2598"
"5196.2598","6147.43956","6165.054"
"6165.054","7644.66696","7679.89584"
"7679.89584","8701.53336","6807.2796"
"6807.2796","6217.89732","6201.6858"
"6201.6858","5918.45184","5844.87648"
"5844.87648","6389.83296","5812.7652"
"5812.7652","6250.16448","5967.0864"
"5967.0864","5935.9104","5658.444"
"5658.444","5467.64688","5469.8292"
"5469.8292","5709.8844","5212.6272"
"5212.6272","5692.58172","5435.5356"
"5435.5356","6298.17552","5795.6184"
"5795.6184","7647.78456","7424.5644"
"7424.5644","7993.83816","7373.124"
"7373.124","7647.78456","7253.0964"
"7253.0964","7319.03364","7235.9496"
"7235.9496","6626.92644","5829.912"
"5829.912","4740.93432","5658.444"
"5658.444","5190.804","5173.50132"
"5173.50132","4896.65844","4914.42876"
"4914.42876","4715.37","4731.26976"
"4731.26976","4663.9296","4879.35576"
"4879.35576","4740.93432","5045.52384"
"5045.52384","5104.2906","5178.64536"
"5178.64536","5225.40936","6147.43956"
"6147.43956","6142.4514","7644.66696"
"7644.66696","6194.35944","8701.53336"
"8701.53336","6488.505","6217.89732"
"6217.89732","6315.4782","5918.45184"
"5918.45184","6298.17552","6389.83296"
"6389.83296","6004.02996","6250.16448"
"6250.16448","5623.371","5935.9104"
"5935.9104","4451.9328","5467.64688"
"5467.64688","5377.23648","5709.8844"
"5709.8844","5097.89952","5692.58172"
"5692.58172","5848.6176","6298.17552"
"6298.17552","7489.72224","7647.78456"
"7647.78456","7716.68352","7993.83816"
"7993.83816","7457.45508","7647.78456"
"7647.78456","7613.1792","7319.03364"
"7319.03364","6090.54336","6626.92644"
"6626.92644","5554.16028","4740.93432"
"4740.93432","5086.98792","5190.804"
"5190.804","5173.50132","4896.65844"
"4896.65844","5017.7772","4715.37"
"4715.37","4913.96112","4663.9296"
"4663.9296","5086.98792","4740.93432"
"4740.93432","5225.40936","5104.2906"
"5104.2906","5311.92276","5225.40936"
"5225.40936","7838.11404","6142.4514"
"6142.4514","7301.73096","6194.35944"
"6194.35944","6298.17552","6488.505"
"6488.505","6073.24068","6315.4782"
"6315.4782","5813.70048","6298.17552"
"6298.17552","5953.36896","6004.02996"
"6004.02996","5415.73884","5623.371"
"5623.371","5394.69504","4451.9328"
"4451.9328","5062.9824","5377.23648"
"5377.23648","5069.68524","5097.89952"
"5097.89952","5831.15904","5848.6176"
"5848.6176","7353.639","7489.72224"
"7489.72224","7630.48188","7716.68352"
"7716.68352","7699.6926","7457.45508"
"7457.45508","7270.2432","7613.1792"
"7613.1792","6407.29152","6090.54336"
"6090.54336","5516.90496","5554.16028"
"5554.16028","6669.16992","5086.98792"
"5086.98792","4755.8988","5173.50132"
"5173.50132","4597.36884","5017.7772"
"5017.7772","4562.13996","4913.96112"
"4913.96112","4808.74212","5086.98792"
"5086.98792","6040.66176","5225.40936"
"5225.40936","5812.7652","5311.92276"
"5311.92276","6824.4264","7838.11404"
"7838.11404","7284.42828","7301.73096"
"7301.73096","6730.74252","6298.17552"
"6298.17552","6250.16448","6073.24068"
"6073.24068","6075.57888","5813.70048"
"5813.70048","5536.8576","5953.36896"
"5953.36896","5298.3612","5415.73884"
"5415.73884","5298.3612","5394.69504"
"5394.69504","5185.19232","5062.9824"
"5062.9824","5080.44096","5069.68524"
"5069.68524","5237.568","5831.15904"
"5831.15904","7441.7112","7353.639"
"7353.639","7235.9496","7630.48188"
"7630.48188","6944.454","7699.6926"
"7699.6926","6687.252","7270.2432"
"7270.2432","5864.2056","6407.29152"
"6407.29152","5202.65088","5516.90496"
"5516.90496","4748.72832","6669.16992"
"6669.16992","4713.8112","4755.8988"
"4755.8988","4556.68416","4597.36884"
"4597.36884","3978.0576","4562.13996"
"4562.13996","4235.2596","4808.74212"
"4808.74212","4732.5168","6040.66176"
"6040.66176","6111.11952","5812.7652"
"5812.7652","6313.14","6824.4264"
"6824.4264","6782.65056","7284.42828"
"7284.42828","6055.938","6730.74252"
"6730.74252","3910.40568","6250.16448"
"6250.16448","6110.496","6075.57888"
"6075.57888","3945.63456","5536.8576"
"5536.8576","5062.9824","5298.3612"
"5298.3612","4574.14272","5298.3612"
"5298.3612","3941.89344","5185.19232"
"5185.19232","5006.8656","5080.44096"
"5080.44096","4706.32896","5237.568"
"5237.568","4410.78048","7441.7112"
"7441.7112","4910.37588","7235.9496"
"7235.9496","6592.47696","6944.454"
"6944.454","6893.0136","6687.252"
"6687.252","6644.22912","5864.2056"
"5864.2056","6280.87284","5202.65088"
"5202.65088","5450.3442","4748.72832"
"4748.72832","4048.82712","4713.8112"
"4713.8112","3840.8832","4556.68416"
"4556.68416","3892.3236","3978.0576"
"3978.0576","3960.9108","4235.2596"
"4235.2596","4149.5256","4732.5168"
"4732.5168","4446.78876","6111.11952"
"6111.11952","5450.3442","6313.14"
"6313.14","5813.70048","6782.65056"
"6782.65056","5779.09512","6055.938"
"6055.938","5744.48976","3910.40568"
"3910.40568","5484.94956","6110.496"
"6110.496","5115.35808","3945.63456"
"3945.63456","4853.47968","5062.9824"
"5062.9824","4696.35264","4574.14272"
"4574.14272","4256.45928","3941.89344"
"3941.89344","4567.90752","5006.8656"
"5006.8656","4923.31392","4706.32896"
"4706.32896","6280.87284","4410.78048"
"4410.78048","6275.7288","4910.37588"
"4910.37588","6055.938","6592.47696"
"6592.47696","5554.16028","6893.0136"
"6893.0136","4886.838","6644.22912"
"6644.22912","4048.82712","6280.87284"
"6280.87284","3738.0024","5450.3442"
"5450.3442","3515.094","4048.82712"
"4048.82712","3377.9196","3840.8832"
"3840.8832","3377.9196","3892.3236"
"3892.3236","3515.094","3960.9108"
"3960.9108","4183.8192","4149.5256"
"4149.5256","4818.2508","4446.78876"
"4446.78876","6755.8392","5450.3442"
"5450.3442","6670.1052","5813.70048"
"5813.70048","5915.646","5779.09512"
"5779.09512","5315.508","5744.48976"
"5744.48976","5075.4528","5484.94956"
"5484.94956","4766.8104","5115.35808"
"5115.35808","4458.168","4853.47968"
"4853.47968","4169.94588","4696.35264"
"4696.35264","4291.06464","4256.45928"
"4256.45928","4325.67","4567.90752"
"4567.90752","4862.05308","4923.31392"
"4923.31392","6869.16396","6280.87284"
"6280.87284","7128.70416","6275.7288"
"6275.7288","6748.0452","6055.938"
"6055.938","6228.9648","5554.16028"
"5554.16028","6575.0184","4886.838"
"4886.838","4187.24856","4048.82712"
"4048.82712","3927.70836","3738.0024"
"3738.0024","3858.03","3515.094"
"3515.094","3669.4152","3377.9196"
"3377.9196","3686.562","3377.9196"
"3377.9196","3446.5068","3515.094"
"3515.094","3583.6812","4183.8192"
"4183.8192","4338.1404","4818.2508"
"4818.2508","5761.3248","6755.8392"
"6755.8392","7184.5092","6670.1052"
"6670.1052","5984.2332","5915.646"
"5915.646","5366.9484","5315.508"
"5315.508","5092.5996","5075.4528"
"5075.4528","4715.37","4766.8104"
"4766.8104","4792.84236","4458.168"
"4458.168","4308.36732","4169.94588"
"4169.94588","4441.0212","4291.06464"
"4291.06464","4269.5532","4325.67"
"4325.67","5144.04","4862.05308"
"4862.05308","6550.0776","6869.16396"
"6869.16396","6772.986","7128.70416"
"7128.70416","6567.2244","6748.0452"
"6748.0452","6069.9672","6228.9648"
"6228.9648","4869.6912","6575.0184"
"6575.0184","4273.76196","4187.24856"
"4187.24856","3996.91908","3927.70836"
"3927.70836","3754.68156","3858.03"
"3858.03","3668.16816","3669.4152"
"3669.4152","5311.92276","3686.562"
"3686.562","3927.70836","3446.5068"
"3446.5068","5898.4992","3583.6812"
"3583.6812","4732.5168","4338.1404"
"4338.1404","7578.8856","5761.3248"
"5761.3248","7013.0412","7184.5092"
"7184.5092","5949.9396","5984.2332"
"5984.2332","5658.444","5366.9484"
"5366.9484","5315.508","5092.5996"
"5092.5996","5294.62008","4715.37"
"4715.37","5045.52384","4792.84236"
"4792.84236","4626.5184","4308.36732"
"4308.36732","4567.90752","4441.0212"
"4441.0212","4723.63164","4269.5532"
"4269.5532","5150.2752","5144.04"
"5144.04","6938.37468","6550.0776"
"6550.0776","7007.5854","6772.986"
"6772.986","6755.8392","6567.2244"
"6567.2244","6436.59696","6069.9672"
"6069.9672","6267.62304","4869.6912"
"4869.6912","6756.46272","4273.76196"
"4273.76196","4826.35656","3996.91908"
"3996.91908","4104.16452","3754.68156"
"3754.68156","3716.64684","3668.16816"
"3668.16816","3579.0048","5311.92276"
"5311.92276","3668.16816","3927.70836"
"3927.70836","3893.103","5898.4992"
"5898.4992","4481.39412","4732.5168"
"4732.5168","5813.70048","7578.8856"
"7578.8856","6841.5732","7013.0412"
"7013.0412","6021.33264","5949.9396"
"5949.9396","5521.2696","5658.444"
"5658.444","5589.8568","5315.508"
"5315.508","5467.64688","5294.62008"
"5294.62008","5115.35808","5045.52384"
"5045.52384","4155.13728","4626.5184"
"4626.5184","4671.7236","4567.90752"
"4567.90752","4731.26976","4723.63164"
"4723.63164","5377.23648","5150.2752"
"5150.2752","7076.79612","6938.37468"
"6938.37468","7007.5854","7007.5854"
"7007.5854","6921.072","6755.8392"
"6755.8392","6285.0816","6436.59696"
"6436.59696","5900.99328","6267.62304"
"6267.62304","4262.69448","6756.46272"
"6756.46272","3945.63456","4826.35656"
"4826.35656","3891.70008","4104.16452"
"4104.16452","3713.99688","3716.64684"
"3716.64684","3731.7672","3579.0048"
"3579.0048","3892.79124","3668.16816"
"3668.16816","4068.93564","3893.103"
"3893.103","4643.97696","4481.39412"
"4481.39412","5813.70048","5813.70048"
"5813.70048","7115.922","6841.5732"
"6841.5732","6189.9948","6021.33264"
"6021.33264","5657.97636","5521.2696"
